dtstart,dtend,uid,description,salle
2023-09-22T12:30:00Z,2023-09-22T14:00:00Z,Cours-5175-13-M1-IA-IL-CLA-Index-Education,"Matiere : UCE 1 ANGLAIS (ORIENTE ENTREP\nEnseignant : REY Carole\nTD : M1-IA-IL-CLA, M1-IA-SI-CLA\nSalle : S3 = C 036\nType : TP\n",S3 = C 036
2023-09-15T06:30:00Z,2023-09-15T08:00:00Z,Cours-5177-12-M1-IA-IL-CLA-Index-Education,Matiere : UCE 1 ANGLAIS (ORIENTE ENTREP\nEnseignant : REY Carole\nTD : M1-IA-IL-CLA\nSalle : S3 = C 036\nType : TP\n,S3 = C 036
2023-09-27T14:00:00Z,2023-09-27T15:30:00Z,Cours-5187-14-M1-IA-IL-CLA-Index-Education,"Matiere : UCE 1 ANGLAIS (ORIENTE ENTREP\nEnseignant : REY Carole\nTD : M1-IA-IL-CLA, M1-IA-SI-CLA\nSalle : S3 = C 036\nType : TP\n",S3 = C 036
2023-11-16T15:00:00Z,2023-11-16T16:30:00Z,Cours-5193-21-M1-IA-IL-CLA-Index-Education,"Matiere : UCE 1 ANGLAIS (ORIENTE ENTREP\nEnseignant : REY Carole\nTD : M1-IA-IL-CLA, M1-IA-SI-CLA\nSalle : S3 = C 036\nType : TP\n",S3 = C 036
2023-10-05T06:30:00Z,2023-10-05T08:00:00Z,Cours-5197-15-M1-IA-IL-CLA-Index-Education,"Matiere : UCE 1 ANGLAIS (ORIENTE ENTREP\nEnseignant : REY Carole\nTD : M1-IA-IL-CLA, M1-IA-SI-CLA\nSalle : S3 = C 036\nType : TP\n",S3 = C 036
2023-10-26T08:00:00Z,2023-10-26T09:30:00Z,Cours-5202-18-M1-IA-IL-CLA-Index-Education,"Matiere : UCE 1 ANGLAIS (ORIENTE ENTREP\nEnseignant : REY Carole\nTD : M1-IA-IL-CLA, M1-IA-SI-CLA\nSalle : S3 = C 036\nType : TP\n",S3 = C 036
2023-11-23T15:00:00Z,2023-11-23T16:30:00Z,Cours-5205-22-M1-IA-IL-CLA-Index-Education,Matiere : UCE 1 ANGLAIS (ORIENTE ENTREP\nEnseignant : REY Carole\nTD : M1-IA-IL-CLA\nSalle : S3 = C 036\nType : TP\n,S3 = C 036
2023-11-30T07:30:00Z,2023-11-30T09:00:00Z,Cours-5209-23-M1-IA-IL-CLA-Index-Education,"Matiere : UCE 1 ANGLAIS (ORIENTE ENTREP\nEnseignant : REY Carole\nTD : M1-IA-IL-CLA, M1-IA-SI-CLA\nSalle : S3 = C 036\nType : TP\n",S3 = C 036
2023-11-28T07:30:00Z,2023-11-28T09:00:00Z,Cours-5214-23-M1-IA-IL-CLA-Index-Education,Matiere : UCE 1 ANGLAIS (ORIENTE ENTREP\nEnseignant : REY Carole\nTD : M1-IA-IL-CLA\nSalle : S1 = C 042 Nodes\nType : TP\n,S1 = C 042 Nodes
2023-12-19T07:30:00Z,2023-12-19T09:00:00Z,Cours-5214-26-M1-IA-IL-CLA-Index-Education,"Matiere : UCE 1 ANGLAIS (ORIENTE ENTREP\nEnseignant : REY Carole\nTD : M1-IA-IL-CLA, M1-IA-SI-CLA\nSalle : S3 = C 036\nType : TP\n",S3 = C 036
2023-10-12T08:00:00Z,2023-10-12T09:30:00Z,Cours-5229-16-M1-IA-IL-CLA-Index-Education,"Matiere : UCE 1 ANGLAIS (ORIENTE ENTREP\nEnseignant : REY Carole\nTD : M1-IA-IL-CLA, M1-IA-SI-CLA\nSalle : S3 = C 036\nType : TP\n",S3 = C 036
2023-11-17T07:30:00Z,2023-11-17T09:00:00Z,Cours-5232-21-M1-IA-IL-CLA-Index-Education,"Matiere : UCE 1 ANGLAIS (ORIENTE ENTREP\nEnseignant : REY Carole\nTD : M1-IA-IL-ALT, M1-IA-IL-CLA, M1-ILSEN-alt-GR2, M1-ILSEN-cla-Gr1, M1-SICOM-Alt, M1-SICOM-Cla\nSalle : Amphi Blaise\nType : Evaluation\n",Amphi Blaise
2024-01-12T15:00:00Z,2024-01-12T16:30:00Z,Cours-5239-29-M1-IA-IL-CLA-Index-Education,"Matiere : UCE 1 ANGLAIS (ORIENTE ENTREP\nEnseignant : REY Carole\nTD : M1-IA-IL-ALT, M1-IA-IL-CLA, M1-ILSEN-alt-GR2, M1-ILSEN-cla-Gr1, M1-SICOM-Alt, M1-SICOM-Cla\nSalle : Amphi Blaise\nType : Evaluation\n",Amphi Blaise
2023-09-21T08:00:00Z,2023-09-21T11:00:00Z,Cours-5241-13-M1-IA-IL-CLA-Index-Education,"Matiere : UCE 2 MANAGEMENT PAR LES PROC\nEnseignant : MARTIN Yannis\nTD : M1-IA-IL-ALT, M1-IA-IL-CLA, M1-ILSEN-alt-GR2, M1-ILSEN-cla-Gr1, M1-SICOM-Alt, M1-SICOM-Cla\nSalle : Amphi Ada\nType : CM\n",Amphi Ada
2023-09-15T08:00:00Z,2023-09-15T11:00:00Z,Cours-5243-12-M1-IA-IL-CLA-Index-Education,"Matiere : UCE 2 MANAGEMENT PAR LES PROC\nEnseignant : PUY CAZCARRA Emmanuel\nTD : M1-IA-IL-ALT, M1-IA-IL-CLA, M1-ILSEN-alt-GR2, M1-ILSEN-cla-Gr1, M1-SICOM-Alt, M1-SICOM-Cla\nSalle : S5 = C 024\nType : CM\n",S5 = C 024
2023-12-12T13:30:00Z,2023-12-12T15:00:00Z,Cours-5246-25-M1-IA-IL-CLA-Index-Education,"Matiere : UCE 2 MANAGEMENT PAR LES PROC\nEnseignant : MARTIN Yannis\nTD : M1-IA-IL-ALT, M1-IA-IL-CLA, M1-ILSEN-alt-GR2, M1-ILSEN-cla-Gr1, M1-SICOM-Alt, M1-SICOM-Cla\nSalle : Amphi Blaise\nType : CM\n",Amphi Blaise
2023-11-06T15:00:00Z,2023-11-06T18:00:00Z,Cours-5248-20-M1-IA-IL-CLA-Index-Education,"Matiere : UCE 2 MANAGEMENT PAR LES PROC\nEnseignant : PUY CAZCARRA Emmanuel\nTD : M1-IA-IL-ALT, M1-IA-IL-CLA, M1-ILSEN-alt-GR2, M1-ILSEN-cla-Gr1, M1-SICOM-Alt, M1-SICOM-Cla\nSalle : Amphi Blaise\nType : CM\n",Amphi Blaise
2023-11-16T10:30:00Z,2023-11-16T12:00:00Z,Cours-5262-21-M1-IA-IL-CLA-Index-Education,"Matiere : UCE 2 MANAGEMENT PAR LES PROC\nEnseignant : PUY CAZCARRA Emmanuel\nTD : M1-IA-IL-ALT, M1-IA-IL-CLA, M1-ILSEN-alt-GR2, M1-ILSEN-cla-Gr1, M1-SICOM-Alt, M1-SICOM-Cla\nSalle : Amphi Ada\nType : CM\n",Amphi Ada
2023-12-07T09:00:00Z,2023-12-07T12:00:00Z,Cours-5265-24-M1-IA-IL-CLA-Index-Education,"Matiere : UCE 2 MANAGEMENT PAR LES PROC\nEnseignant : PUY CAZCARRA Emmanuel\nTD : M1-IA-IL-ALT, M1-IA-IL-CLA, M1-ILSEN-alt-GR2, M1-ILSEN-cla-Gr1, M1-SICOM-Alt, M1-SICOM-Cla\nSalle : Amphi Ada\nType : CM\n",Amphi Ada
2023-12-12T09:00:00Z,2023-12-12T12:00:00Z,Cours-5271-25-M1-IA-IL-CLA-Index-Education,"Matiere : UCE 2 MANAGEMENT PAR LES PROC\nEnseignant : MARTIN Yannis\nTD : M1-IA-IL-ALT, M1-IA-IL-CLA, M1-ILSEN-alt-GR2, M1-ILSEN-cla-Gr1, M1-SICOM-Alt, M1-SICOM-Cla\nSalle : Amphi Ada\nType : CM\n",Amphi Ada
2024-01-10T12:00:00Z,2024-01-10T13:30:00Z,Cours-5278-29-M1-IA-IL-CLA-Index-Education,"Matiere : UCE 2 MANAGEMENT PAR LES PROC\nEnseignants : MARTIN Yannis, PUY CAZCARRA Emmanuel\nTD : M1-IA-IL-ALT, M1-IA-IL-CLA, M1-ILSEN-alt-GR2, M1-ILSEN-cla-Gr1, M1-SICOM-Alt, M1-SICOM-Cla\nSalle : Amphi Blaise\nType : Evaluation\n",Amphi Blaise
2023-09-14T11:00:00Z,2023-09-14T14:00:00Z,Cours-5302-12-M1-IA-IL-CLA-Index-Education,"Matiere : UCE 3 GESTION DE PROJET\nEnseignant : COSTA Jean-pierre\nTD : M1-IA-IL-ALT, M1-IA-IL-CLA, M1-ILSEN-alt-GR2, M1-ILSEN-cla-Gr1, M1-SICOM-Alt, M1-SICOM-Cla\nSalle : Amphi Blaise\nType : CM\n",Amphi Blaise
2023-09-14T14:00:00Z,2023-09-14T17:00:00Z,Cours-5304-12-M1-IA-IL-CLA-Index-Education,"Matiere : UCE 3 GESTION DE PROJET\nEnseignant : COSTA Jean-pierre\nTD : M1-IA-IL-ALT, M1-IA-IL-CLA, M1-ILSEN-alt-GR1, M1-ILSEN-alt-GR2, M1-ILSEN-cla-Gr1, M1-ILSEN-cla-Gr2, M1-SICOM-Alt, M1-SICOM-Cla\nSalle : Amphi Blaise\nType : CM\n",Amphi Blaise
2023-09-21T14:00:00Z,2023-09-21T17:00:00Z,Cours-5338-13-M1-IA-IL-CLA-Index-Education,"Matiere : UCE 3 GESTION DE PROJET\nEnseignant : COSTA Jean-pierre\nTD : M1-IA-IL-CLA, M1-IA-SI-CLA\nSalle : S4 = C 034\nType : TD\n",S4 = C 034
2023-09-26T11:00:00Z,2023-09-26T14:00:00Z,Cours-5342-14-M1-IA-IL-CLA-Index-Education,"Matiere : UCE 3 GESTION DE PROJET\nEnseignant : COSTA Jean-pierre\nTD : M1-IA-IL-CLA, M1-IA-SI-CLA\nSalle : S8 = C 030\nType : TD\n",S8 = C 030
2023-10-03T11:00:00Z,2023-10-03T14:00:00Z,Cours-5342-15-M1-IA-IL-CLA-Index-Education,"Matiere : UCE 3 GESTION DE PROJET\nEnseignant : COSTA Jean-pierre\nTD : M1-IA-IL-CLA, M1-IA-SI-CLA\nSalle : S8 = C 030\nType : TD\n",S8 = C 030
2023-10-11T11:00:00Z,2023-10-11T14:00:00Z,Cours-5348-16-M1-IA-IL-CLA-Index-Education,"Matiere : UCE 3 GESTION DE PROJET\nEnseignant : COSTA Jean-pierre\nTD : M1-IA-IL-CLA, M1-IA-SI-CLA\nSalle : S4 = C 034\nType : TD\n",S4 = C 034
2023-10-11T14:00:00Z,2023-10-11T17:00:00Z,Cours-5380-16-M1-IA-IL-CLA-Index-Education,"Matiere : UCE 4 APPLICATION DE MSI\nEnseignant : MARTIN Yannis\nTD : M1-IA-IL-CLA, M1-IA-SI-CLA\nSalle : Stat 6 = Info - C 129\nType : TP\n",Stat 6 = Info - C 129
2023-10-25T06:30:00Z,2023-10-25T09:30:00Z,Cours-5382-18-M1-IA-IL-CLA-Index-Education,"Matiere : UCE 4 APPLICATION DE MSI\nEnseignant : MARTIN Yannis\nTD : M1-IA-IL-CLA, M1-IA-SI-CLA\nSalle : Stat 6 = Info - C 129\nType : TP\n",Stat 6 = Info - C 129
2023-09-13T14:00:00Z,2023-09-13T15:30:00Z,Cours-5407-12-M1-IA-IL-CLA-Index-Education,"Matiere : UCE 1 DESIGN PATTERN AVANCE\nEnseignant : NABITZ Sophie\nTD : M1-IA-IL-ALT, M1-IA-IL-CLA, M1-ILSEN-alt-GR2, M1-ILSEN-cla-Gr1\nSalle : Amphi Ada\nType : CM\n",Amphi Ada
2023-09-20T14:00:00Z,2023-09-20T17:00:00Z,Cours-5422-13-M1-IA-IL-CLA-Index-Education,"Matiere : UCE 1 DESIGN PATTERN AVANCE\nEnseignant : NABITZ Sophie\nTD : M1-IA-IL-ALT, M1-IA-IL-CLA, M1-ILSEN-alt-GR2, M1-ILSEN-cla-Gr1\nSalle : Amphi Blaise\nType : CM\n",Amphi Blaise
2023-11-08T13:30:00Z,2023-11-08T16:30:00Z,Cours-5458-20-M1-IA-IL-CLA-Index-Education,"Matiere : UCE 4 APPLICATION DE MSI\nEnseignant : MARTIN Yannis\nTD : M1-IA-IL-CLA, M1-IA-SI-CLA\nSalle : Stat 6 = Info - C 129\nType : TP\n",Stat 6 = Info - C 129
2023-09-14T06:30:00Z,2023-09-14T09:30:00Z,Cours-5499-12-M1-IA-IL-CLA-Index-Education,"Matiere : UCE 2 PROGRAMMATION PARALLELE\nEnseignant : LABRAK Yanis\nTD : M1-IA-IL-CLA, M1-ILSEN-cla-Gr1, M1-ILSEN-cla-Gr2\nSalle : Stat 1 = Info - C 137\nType : TP\n",Stat 1 = Info - C 137
2023-09-26T06:30:00Z,2023-09-26T09:30:00Z,Cours-5511-14-M1-IA-IL-CLA-Index-Education,"Matiere : UCE 2 PROGRAMMATION PARALLELE\nEnseignant : LABRAK Yanis\nTD : M1-IA-IL-CLA, M1-IA-SI-CLA\nSalle : Stat 5 = Info - C 130\nType : TP\n",Stat 5 = Info - C 130
2023-10-03T06:30:00Z,2023-10-03T09:30:00Z,Cours-5511-15-M1-IA-IL-CLA-Index-Education,"Matiere : UCE 2 PROGRAMMATION PARALLELE\nEnseignant : LABRAK Yanis\nTD : M1-IA-IL-CLA, M1-IA-SI-CLA\nSalle : Stat 4 = Info - C 131\nType : TP\n",Stat 4 = Info - C 131
2023-09-20T11:00:00Z,2023-09-20T14:00:00Z,Cours-5514-13-M1-IA-IL-CLA-Index-Education,"Matiere : UCE 2 PROGRAMMATION PARALLELE\nEnseignant : LABRAK Yanis\nTD : M1-IA-IL-CLA, M1-IA-SI-CLA\nSalle : Stat 8 = Info - C 127\nType : TP\n",Stat 8 = Info - C 127
2023-10-23T11:00:00Z,2023-10-23T14:00:00Z,Cours-5517-18-M1-IA-IL-CLA-Index-Education,"Matiere : UCE 2 PROGRAMMATION PARALLELE\nEnseignant : LABRAK Yanis\nTD : M1-IA-IL-CLA, M1-IA-SI-CLA\nSalle : Stat 1 = Info - C 137\nType : Evaluation\n",Stat 1 = Info - C 137
2023-10-16T14:00:00Z,2023-10-16T17:00:00Z,Cours-5635-17-M1-IA-IL-CLA-Index-Education,"Matiere : UCE 4 APPLICATION DE CONCEPTI\nEnseignant : ROUVIER Mickael\nTD : M1-IA-IL-CLA, M1-ILSEN-cla-Gr1, M1-ILSEN-cla-Gr2\nSalles : Stat 5 = Info - C 130, Stat 6 = Info - C 129\nType : TP\n","Stat 5 = Info - C 130, Stat 6 = Info - C 129"
2023-11-15T15:00:00Z,2023-11-15T18:00:00Z,Cours-5636-21-M1-IA-IL-CLA-Index-Education,"Matiere : UCE 4 APPLICATION DE CONCEPTI\nEnseignant : ROUVIER Mickael\nTD : M1-IA-IL-CLA, M1-ILSEN-cla-Gr1, M1-ILSEN-cla-Gr2\nSalle : Stat 6 = Info - C 129\nType : TP\n",Stat 6 = Info - C 129
2023-12-18T12:00:00Z,2023-12-18T15:00:00Z,Cours-5642-26-M1-IA-IL-CLA-Index-Education,"Matiere : UCE 4 APPLICATION DE CONCEPTI\nEnseignant : ROUVIER Mickael\nTD : M1-IA-IL-CLA, M1-ILSEN-cla-Gr1, M1-ILSEN-cla-Gr2\nSalles : Stat 8 = Info - C 127, Stat9 = Info - C 026\nType : TP\n","Stat 8 = Info - C 127, Stat9 = Info - C 026"
2023-09-22T06:30:00Z,2023-09-22T11:00:00Z,Cours-5683-13-M1-IA-IL-CLA-Index-Education,"Matiere : UCE 1 PROJET\nEnseignants : HADDAD Majed, VERNET Mathilde\nTD : M1-IA-IL-CLA, M1-ILSEN-cla-Gr1, M1-ILSEN-cla-Gr2, M1-SICOM-Cla\nSalle : Amphi Ada\nType : TD\nMemo : Presentation des projets de M1 classiques\n",Amphi Ada
2023-11-16T09:00:00Z,2023-11-16T10:30:00Z,Cours-5684-21-M1-IA-IL-CLA-Index-Education,"Matiere : UCE 1 PROJET\nEnseignants : HADDAD Majed, VERNET Mathilde\nTD : M1-IA-IL-CLA, M1-ILSEN-cla-Gr1, M1-ILSEN-cla-Gr2, M1-SICOM-Cla\nSalle : S4 = C 034\nType : TD\nMemo : 2eme rencontre intermediaire des projets de M1 classiques\n",S4 = C 034
2023-10-19T08:00:00Z,2023-10-19T11:00:00Z,Cours-5686-17-M1-IA-IL-CLA-Index-Education,"Matiere : UCE 1 PROJET\nEnseignants : HADDAD Majed, VERNET Mathilde\nTD : M1-IA-IL-CLA, M1-ILSEN-cla-Gr1, M1-ILSEN-cla-Gr2, M1-SICOM-Cla\nSalle : S5 = C 024\nType : TD\nMemo : 1ere rencontre intermediaire des projets de M1 classiques\n",S5 = C 024
2023-11-20T09:00:00Z,2023-11-20T12:00:00Z,Cours-5689-22-M1-IA-IL-CLA-Index-Education,"Matiere : UCE 2 INSERTION PROFESSIONNEL\nEnseignant : BROCHARD Marc\nTD : M1-IA-IL-CLA, M1-ILSEN-cla-Gr1, M1-ILSEN-cla-Gr2\nSalle : S5 = C 024\nType : TD\nMemo : NE PAS DEPLACER\n",S5 = C 024
2023-11-29T07:30:00Z,2023-11-29T10:30:00Z,Cours-5699-23-M1-IA-IL-CLA-Index-Education,"Matiere : UCE 2 INSERTION PROFESSIONNEL\nEnseignant : BROCHARD Marc\nTD : M1-IA-IL-CLA, M1-ILSEN-cla-Gr1, M1-ILSEN-cla-Gr2\nSalle : S5 = C 024\nType : TD\nMemo : NE PAS DEPLACER\n",S5 = C 024
2023-11-28T13:30:00Z,2023-11-28T16:30:00Z,Cours-5715-23-M1-IA-IL-CLA-Index-Education,"Matiere : UCE 2 INSERTION PROFESSIONNEL\nEnseignant : BROCHARD Marc\nTD : M1-IA-IL-CLA, M1-ILSEN-cla-Gr1, M1-ILSEN-cla-Gr2\nSalle : S5 = C 024\nType : TD\nMemo : NE PAS DEPLACER\n",S5 = C 024
2023-12-05T09:00:00Z,2023-12-05T10:30:00Z,Cours-5716-24-M1-IA-IL-CLA-Index-Education,"Matiere : UCE 2 INSERTION PROFESSIONNEL\nEnseignant : BROCHARD Marc\nTD : M1-IA-IL-CLA, M1-ILSEN-cla-Gr1, M1-ILSEN-cla-Gr2\nSalle : S5 = C 024\nType : TD\nMemo : NE PAS DEPLACER\n",S5 = C 024
2023-09-12T06:30:00Z,2023-09-12T09:30:00Z,Cours-5912-12-M1-IA-IL-CLA-Index-Education,"Matiere : UCE 1 INTRODUCTION A L'INTELL\nEnseignant : LEFEVRE Fabrice\nTD : M1-IA-IL-ALT, M1-IA-IL-CLA\nSalle : S5 = C 024\nType : CM\n",S5 = C 024
2023-09-19T06:30:00Z,2023-09-19T09:30:00Z,Cours-5912-13-M1-IA-IL-CLA-Index-Education,"Matiere : UCE 1 INTRODUCTION A L'INTELL\nEnseignant : LEFEVRE Fabrice\nTD : M1-IA-IL-ALT, M1-IA-IL-CLA\nSalle : S6 = C 022\nType : CM\n",S6 = C 022
2023-10-20T08:00:00Z,2023-10-20T09:30:00Z,Cours-5914-17-M1-IA-IL-CLA-Index-Education,"Matiere : UCE 1 INTRODUCTION A L'INTELL\nEnseignant : LEFEVRE Fabrice\nTD : M1-IA-IL-ALT, M1-IA-IL-CLA\nSalle : Stat 1 = Info - C 137\nType : TP\n",Stat 1 = Info - C 137
2023-10-17T08:00:00Z,2023-10-17T11:00:00Z,Cours-5922-17-M1-IA-IL-CLA-Index-Education,"Matiere : UCE 2 PROGRAMMATION PARALLELE\nEnseignant : LABRAK Yanis\nTD : M1-IA-IL-CLA, M1-IA-SI-CLA\nSalle : Stat 2 = Info - C 136\nType : TP\n",Stat 2 = Info - C 136
2023-10-16T06:30:00Z,2023-10-16T09:30:00Z,Cours-5934-17-M1-IA-IL-CLA-Index-Education,"Matiere : UCE 2 PROGRAMMATION PARALLELE\nEnseignant : LABRAK Yanis\nTD : M1-IA-IL-CLA, M1-IA-SI-CLA\nSalle : Stat 5 = Info - C 130\nType : TP\n",Stat 5 = Info - C 130
2023-10-10T12:30:00Z,2023-10-10T14:00:00Z,Cours-5938-16-M1-IA-IL-CLA-Index-Education,"Matiere : UCE 1 INTRODUCTION A L'INTELL\nEnseignant : LEFEVRE Fabrice\nTD : M1-IA-IL-ALT, M1-IA-IL-CLA\nSalle : Stat 8 = Info - C 127\nType : TP\n",Stat 8 = Info - C 127
2023-10-26T14:00:00Z,2023-10-26T17:00:00Z,Cours-5950-18-M1-IA-IL-CLA-Index-Education,"Matiere : UCE 1 DESIGN PATTERN AVANCE\nEnseignant : NABITZ Sophie\nTD : M1-IA-IL-CLA, M1-IA-SI-CLA\nSalle : Stat 7 = Info - C 128\nType : TP\n",Stat 7 = Info - C 128
2023-11-08T09:00:00Z,2023-11-08T12:00:00Z,Cours-5951-20-M1-IA-IL-CLA-Index-Education,"Matiere : UCE 1 INTRODUCTION A L'INTELL\nEnseignant : LEFEVRE Fabrice\nTD : M1-IA-IL-ALT, M1-IA-IL-CLA\nType : TP\n",
2023-09-15T15:30:00Z,2023-09-15T17:00:00Z,Cours-5961-12-M1-IA-IL-CLA-Index-Education,"Matiere : UCE 2 APPRENTISSAGE NON-SUPER\nEnseignant : LABATUT Vincent\nTD : M1-IA-IL-ALT, M1-IA-IL-CLA\nSalle : S5 = C 024\nType : CM\n",S5 = C 024
2023-09-13T15:30:00Z,2023-09-13T17:00:00Z,Cours-5964-12-M1-IA-IL-CLA-Index-Education,"Matiere : UCE 2 APPRENTISSAGE NON-SUPER\nEnseignant : LABATUT Vincent\nTD : M1-IA-IL-ALT, M1-IA-IL-CLA\nSalle : S6 = C 022\nType : CM\n",S6 = C 022
2023-10-16T12:30:00Z,2023-10-16T14:00:00Z,Cours-5972-17-M1-IA-IL-CLA-Index-Education,"Matiere : UCE 2 APPRENTISSAGE NON-SUPER\nEnseignant : LABATUT Vincent\nTD : M1-IA-IL-ALT, M1-IA-IL-CLA\nType : CM\n",
2023-11-09T09:00:00Z,2023-11-09T10:30:00Z,Cours-5974-20-M1-IA-IL-CLA-Index-Education,"Matiere : UCE 2 APPRENTISSAGE NON-SUPER\nEnseignant : LABATUT Vincent\nTD : M1-IA-IL-ALT, M1-IA-IL-CLA\nSalle : S6 = C 022\nType : CM\n",S6 = C 022
2023-10-13T15:30:00Z,2023-10-13T17:00:00Z,Cours-5975-16-M1-IA-IL-CLA-Index-Education,"Matiere : UCE 2 APPRENTISSAGE NON-SUPER\nEnseignant : LABATUT Vincent\nTD : M1-IA-IL-ALT, M1-IA-IL-CLA\nSalle : S7 = C 032\nType : TD\n",S7 = C 032
2023-09-18T06:30:00Z,2023-09-18T08:00:00Z,Cours-5980-13-M1-IA-IL-CLA-Index-Education,"Matiere : UCE 2 APPRENTISSAGE NON-SUPER\nEnseignant : LABATUT Vincent\nTD : M1-IA-IL-ALT, M1-IA-IL-CLA\nSalle : S6 = C 022\nType : CM\n",S6 = C 022
2023-10-09T06:30:00Z,2023-10-09T08:00:00Z,Cours-5980-16-M1-IA-IL-CLA-Index-Education,"Matiere : UCE 2 APPRENTISSAGE NON-SUPER\nEnseignant : LABATUT Vincent\nTD : M1-IA-IL-ALT, M1-IA-IL-CLA\nSalle : S6 = C 022\nType : CM\n",S6 = C 022
2023-12-04T07:30:00Z,2023-12-04T09:00:00Z,Cours-5980-24-M1-IA-IL-CLA-Index-Education,"Matiere : UCE 2 APPRENTISSAGE NON-SUPER\nEnseignant : LABATUT Vincent\nTD : M1-IA-IL-ALT, M1-IA-IL-CLA\nSalle : S6 = C 022\nType : CM\n",S6 = C 022
2023-12-06T10:30:00Z,2023-12-06T12:00:00Z,Cours-5981-24-M1-IA-IL-CLA-Index-Education,"Matiere : UCE 2 APPRENTISSAGE NON-SUPER\nEnseignant : LABATUT Vincent\nTD : M1-IA-IL-ALT, M1-IA-IL-CLA\nSalle : S6 = C 022\nType : TD\n",S6 = C 022
2023-12-05T13:30:00Z,2023-12-05T15:00:00Z,Cours-5982-24-M1-IA-IL-CLA-Index-Education,"Matiere : UCE 2 APPRENTISSAGE NON-SUPER\nEnseignant : LABATUT Vincent\nTD : M1-IA-IL-ALT, M1-IA-IL-CLA\nSalle : S6 = C 022\nType : TD\n",S6 = C 022
2023-11-17T13:30:00Z,2023-11-17T15:00:00Z,Cours-5983-21-M1-IA-IL-CLA-Index-Education,"Matiere : UCE 2 APPRENTISSAGE NON-SUPER\nEnseignant : LABATUT Vincent\nTD : M1-IA-IL-ALT, M1-IA-IL-CLA\nSalle : S6 = C 022\nType : TD\n",S6 = C 022
2023-11-14T07:30:00Z,2023-11-14T09:00:00Z,Cours-5984-21-M1-IA-IL-CLA-Index-Education,"Matiere : UCE 2 APPRENTISSAGE NON-SUPER\nEnseignant : LABATUT Vincent\nTD : M1-IA-IL-ALT, M1-IA-IL-CLA\nSalle : S7 = C 032\nType : CM\n",S7 = C 032
2023-12-21T07:30:00Z,2023-12-21T09:30:00Z,Cours-5986-26-M1-IA-IL-CLA-Index-Education,"Matiere : UCE 2 APPRENTISSAGE NON-SUPER\nEnseignant : LABATUT Vincent\nTD : M1-IA-IL-ALT, M1-IA-IL-CLA\nSalle : S4 = C 034\nType : Evaluation\n",S4 = C 034
2024-01-08T12:00:00Z,2024-01-08T13:30:00Z,Cours-6007-29-M1-IA-IL-CLA-Index-Education,"Matiere : UCE 3 OPTIMISATION NON-LINEAI\nEnseignant : GUEYE Serigne\nTD : M1-IA-IL-ALT, M1-IA-IL-CLA\nSalle : S5 = C 024\nType : Evaluation\n",S5 = C 024
2023-11-13T13:30:00Z,2023-11-13T16:30:00Z,Cours-6027-21-M1-IA-IL-CLA-Index-Education,"Matiere : UCE 3 OPTIMISATION NON-LINEAI\nEnseignant : GUEYE Serigne\nTD : M1-IA-IL-ALT, M1-IA-IL-CLA\nSalle : Stat 8 = Info - C 127\nType : CM\n",Stat 8 = Info - C 127
2023-12-18T07:30:00Z,2023-12-18T10:30:00Z,Cours-6033-26-M1-IA-IL-CLA-Index-Education,"Matiere : UCE 3 OPTIMISATION NON-LINEAI\nEnseignant : GUEYE Serigne\nTD : M1-IA-IL-ALT, M1-IA-IL-CLA\nSalle : Stat9 = Info - C 026\nType : CM\n",Stat9 = Info - C 026
2023-12-15T07:30:00Z,2023-12-15T09:00:00Z,Cours-6034-25-M1-IA-IL-CLA-Index-Education,"Matiere : UCE 3 OPTIMISATION NON-LINEAI\nEnseignant : GUEYE Serigne\nTD : M1-IA-IL-ALT, M1-IA-IL-CLA\nSalle : Amphi Ada\nType : TP\n",Amphi Ada
2023-12-19T09:00:00Z,2023-12-19T12:00:00Z,Cours-6035-26-M1-IA-IL-CLA-Index-Education,"Matiere : UCE 3 OPTIMISATION NON-LINEAI\nEnseignant : GUEYE Serigne\nTD : M1-IA-IL-ALT, M1-IA-IL-CLA\nSalle : Stat9 = Info - C 026\nType : TP\n",Stat9 = Info - C 026
2023-09-15T12:30:00Z,2023-09-15T14:00:00Z,Cours-6045-12-M1-IA-IL-CLA-Index-Education,"Matiere : UCE 4 TRAITEMENT AUTOMATIQUE\nEnseignant : ROUVIER Mickael\nTD : M1-IA-IL-ALT, M1-IA-IL-CLA\nSalle : S5 = C 024\nType : CM\n",S5 = C 024
2023-09-21T12:30:00Z,2023-09-21T14:00:00Z,Cours-6046-13-M1-IA-IL-CLA-Index-Education,"Matiere : UCE 4 TRAITEMENT AUTOMATIQUE\nEnseignant : ROUVIER Mickael\nTD : M1-IA-IL-ALT, M1-IA-IL-CLA\nSalle : S5 = C 024\nType : CM\n",S5 = C 024
2023-12-13T10:30:00Z,2023-12-13T12:00:00Z,Cours-6050-25-M1-IA-IL-CLA-Index-Education,"Matiere : UCE 4 TRAITEMENT AUTOMATIQUE\nEnseignant : ROUVIER Mickael\nTD : M1-IA-IL-ALT, M1-IA-IL-CLA\nSalle : S5 = C 024\nType : CM\n",S5 = C 024
2023-12-15T09:00:00Z,2023-12-15T12:00:00Z,Cours-6053-25-M1-IA-IL-CLA-Index-Education,"Matiere : UCE 4 TRAITEMENT AUTOMATIQUE\nEnseignant : ROUVIER Mickael\nTD : M1-IA-IL-ALT, M1-IA-IL-CLA\nSalle : Stat 1 = Info - C 137\nType : TP\n",Stat 1 = Info - C 137
2024-01-10T07:30:00Z,2024-01-10T10:30:00Z,Cours-6055-29-M1-IA-IL-CLA-Index-Education,"Matiere : UCE 4 TRAITEMENT AUTOMATIQUE\nEnseignant : ROUVIER Mickael\nTD : M1-IA-IL-ALT, M1-IA-IL-CLA\nSalle : S5 = C 024\nType : Evaluation\n",S5 = C 024
2023-09-18T14:00:00Z,2023-09-18T15:30:00Z,Cours-6057-13-M1-IA-IL-CLA-Index-Education,"Matiere : UCE 2 APPRENTISSAGE NON-SUPER\nEnseignant : LABATUT Vincent\nTD : M1-IA-IL-ALT, M1-IA-IL-CLA\nSalle : S6 = C 022\nType : TD\n",S6 = C 022
2023-10-19T14:00:00Z,2023-10-19T17:00:00Z,Cours-6059-17-M1-IA-IL-CLA-Index-Education,"Matiere : UCE 1 DESIGN PATTERN AVANCE\nEnseignant : NABITZ Sophie\nTD : M1-IA-IL-ALT, M1-IA-IL-CLA, M1-ILSEN-alt-GR2, M1-ILSEN-cla-Gr1\nSalle : Amphi Blaise\nType : CM\n",Amphi Blaise
2023-10-16T11:00:00Z,2023-10-16T12:30:00Z,Cours-6074-17-M1-IA-IL-CLA-Index-Education,"Matiere : UCE 4 TRAITEMENT AUTOMATIQUE\nEnseignant : ROUVIER Mickael\nTD : M1-IA-IL-ALT, M1-IA-IL-CLA\nType : CM\n",
2023-10-13T11:00:00Z,2023-10-13T14:00:00Z,Cours-6076-16-M1-IA-IL-CLA-Index-Education,"Matiere : UCE 4 TRAITEMENT AUTOMATIQUE\nEnseignant : ROUVIER Mickael\nTD : M1-IA-IL-ALT, M1-IA-IL-CLA\nSalle : Stat 4 = Info - C 131\nType : TP\n",Stat 4 = Info - C 131
2023-10-26T11:00:00Z,2023-10-26T14:00:00Z,Cours-7115-18-M1-IA-IL-CLA-Index-Education,"Matiere : UCE 4 APPLICATION DE CONCEPTI\nEnseignant : ROUVIER Mickael\nTD : M1-IA-IL-CLA, M1-ILSEN-cla-Gr1, M1-ILSEN-cla-Gr2\nSalles : Stat 6 = Info - C 129, Stat 7 = Info - C 128\nType : TP\n","Stat 6 = Info - C 129, Stat 7 = Info - C 128"
2024-01-16T09:00:00Z,2024-01-16T12:00:00Z,Cours-7182-30-M1-IA-IL-CLA-Index-Education,"Matiere : UCE 4 APPLICATION DE CONCEPTI\nEnseignant : ROUVIER Mickael\nTD : M1-IA-IL-CLA, M1-ILSEN-cla-Gr1, M1-ILSEN-cla-Gr2\nSalles : Stat 1 = Info - C 137, Stat 2 = Info - C 136\nType : TP\n","Stat 1 = Info - C 137, Stat 2 = Info - C 136"
2024-01-09T15:00:00Z,2024-01-09T18:00:00Z,Cours-20569-29-M1-IA-IL-CLA-Index-Education,"Matiere : UCE 3 GESTION DE PROJET\nEnseignant : COSTA Jean-pierre\nTD : M1-IA-IL-ALT, M1-IA-IL-CLA, M1-ILSEN-alt-GR2, M1-ILSEN-cla-Gr1, M1-SICOM-Alt, M1-SICOM-Cla\nSalle : Amphi Blaise\nType : Evaluation\n",Amphi Blaise
2024-01-09T10:30:00Z,2024-01-09T12:00:00Z,Cours-20588-29-M1-IA-IL-CLA-Index-Education,"Matiere : UCE 3 GESTION DE PROJET\nEnseignant : COSTA Jean-pierre\nTD : M1-IA-IL-ALT, M1-IA-IL-CLA, M1-ILSEN-alt-GR2, M1-ILSEN-cla-Gr1, M1-SICOM-Alt, M1-SICOM-Cla\nSalle : Amphi Ada\nType : CM\n",Amphi Ada
2023-09-18T11:00:00Z,2023-09-18T14:00:00Z,Cours-29631-13-M1-IA-IL-CLA-Index-Education,"Matiere : UCE 2 MANAGEMENT PAR LES PROC\nEnseignant : PUY CAZCARRA Emmanuel\nTD : M1-IA-IL-ALT, M1-IA-IL-CLA, M1-ILSEN-alt-GR2, M1-ILSEN-cla-Gr1, M1-SICOM-Alt, M1-SICOM-Cla\nSalle : Amphi Ada\nType : CM\n",Amphi Ada
2023-11-16T16:30:00Z,2023-11-16T18:00:00Z,Cours-29679-21-M1-IA-IL-CLA-Index-Education,"Matiere : UCE 2 APPRENTISSAGE NON-SUPER\nEnseignant : LABATUT Vincent\nTD : M1-IA-IL-ALT, M1-IA-IL-CLA\nSalle : S4 = C 034\nType : TD\n",S4 = C 034
2023-12-13T15:00:00Z,2023-12-13T18:00:00Z,Cours-29703-25-M1-IA-IL-CLA-Index-Education,"Matiere : UCE 2 MANAGEMENT PAR LES PROC\nEnseignant : PUY CAZCARRA Emmanuel\nTD : M1-IA-IL-ALT, M1-IA-IL-CLA, M1-ILSEN-alt-GR2, M1-ILSEN-cla-Gr1, M1-SICOM-Alt, M1-SICOM-Cla\nSalle : Amphi Blaise\nType : CM\n",Amphi Blaise
2023-12-21T10:30:00Z,2023-12-21T12:00:00Z,Cours-29706-26-M1-IA-IL-CLA-Index-Education,"Matiere : UCE 2 MANAGEMENT PAR LES PROC\nEnseignant : PUY CAZCARRA Emmanuel\nTD : M1-IA-IL-ALT, M1-IA-IL-CLA, M1-ILSEN-alt-GR2, M1-ILSEN-cla-Gr1, M1-SICOM-Alt, M1-SICOM-Cla\nSalle : Amphi Blaise\nType : Evaluation\n",Amphi Blaise
2023-12-12T15:00:00Z,2023-12-12T16:30:00Z,Cours-29750-25-M1-IA-IL-CLA-Index-Education,"Matiere : UCE 1 INTRODUCTION A L'INTELL\nEnseignant : LEFEVRE Fabrice\nTD : M1-IA-IL-ALT, M1-IA-IL-CLA\nSalle : Stat 4 = Info - C 131\nType : Evaluation\n",Stat 4 = Info - C 131
2023-09-12T11:00:00Z,2023-09-12T12:30:00Z,Cours-31014-12-M1-IA-IL-CLA-Index-Education,"Matiere : UCE 2 PROGRAMMATION PARALLELE\nEnseignant : ROUVIER Mickael\nTD : M1-IA-IL-ALT, M1-IA-IL-CLA, M1-ILSEN-alt-GR1, M1-ILSEN-alt-GR2, M1-ILSEN-cla-Gr1, M1-ILSEN-cla-Gr2\nSalle : Amphi Blaise\nType : CM\n",Amphi Blaise
2023-11-09T10:30:00Z,2023-11-09T12:00:00Z,Cours-31017-20-M1-IA-IL-CLA-Index-Education,"Matiere : UCE 1 ANGLAIS (ORIENTE ENTREP\nEnseignant : REY Carole\nTD : M1-IA-IL-CLA, M1-IA-SI-CLA\nSalle : S3 = C 036\nType : TP\n",S3 = C 036
2023-10-05T08:00:00Z,2023-10-05T11:00:00Z,Cours-31194-15-M1-IA-IL-CLA-Index-Education,"Matiere : UCE 1 DESIGN PATTERN AVANCE\nEnseignant : NABITZ Sophie\nTD : M1-IA-IL-CLA, M1-IA-SI-CLA\nSalle : Stat 4 = Info - C 131\nType : TP\n",Stat 4 = Info - C 131
2023-10-05T12:30:00Z,2023-10-05T15:30:00Z,Cours-31195-15-M1-IA-IL-CLA-Index-Education,"Matiere : UCE 1 DESIGN PATTERN AVANCE\nEnseignant : NABITZ Sophie\nTD : M1-IA-IL-CLA, M1-IA-SI-CLA\nSalle : Stat 7 = Info - C 128\nType : TP\n",Stat 7 = Info - C 128
2023-10-11T06:30:00Z,2023-10-11T09:30:00Z,Cours-31202-16-M1-IA-IL-CLA-Index-Education,"Matiere : UCE 1 DESIGN PATTERN AVANCE\nEnseignant : NABITZ Sophie\nTD : M1-IA-IL-ALT, M1-IA-IL-CLA, M1-ILSEN-alt-GR2, M1-ILSEN-cla-Gr1\nSalle : Amphi Ada\nType : CM\n",Amphi Ada
2023-11-15T07:30:00Z,2023-11-15T09:00:00Z,Cours-31662-21-M1-IA-IL-CLA-Index-Education,"Matiere : UCE 4 TRAITEMENT AUTOMATIQUE\nEnseignant : ROUVIER Mickael\nTD : M1-IA-IL-ALT, M1-IA-IL-CLA\nSalle : S5 = C 024\nType : CM\n",S5 = C 024
2023-10-20T12:30:00Z,2023-10-20T14:00:00Z,Cours-31796-17-M1-IA-IL-CLA-Index-Education,"Matiere : UCE 2 APPRENTISSAGE NON-SUPER\nEnseignant : LABATUT Vincent\nTD : M1-IA-IL-ALT, M1-IA-IL-CLA\nSalle : S4 = C 034\nType : TD\n",S4 = C 034
2023-12-07T16:30:00Z,2023-12-07T18:00:00Z,Cours-31806-24-M1-IA-IL-CLA-Index-Education,"Matiere : UCE 1 DESIGN PATTERN AVANCE\nEnseignant : NABITZ Sophie\nTD : M1-IA-IL-ALT, M1-IA-IL-CLA, M1-ILSEN-alt-GR2, M1-ILSEN-cla-Gr1\nSalle : Amphi Ada\nType : Evaluation\n",Amphi Ada
2023-11-15T13:30:00Z,2023-11-15T15:00:00Z,Cours-32022-21-M1-IA-IL-CLA-Index-Education,"Matiere : UCE 2 APPRENTISSAGE NON-SUPER\nEnseignant : LABATUT Vincent\nTD : M1-IA-IL-ALT, M1-IA-IL-CLA\nSalle : S6 = C 022\nType : TD\n",S6 = C 022
2023-10-12T11:00:00Z,2023-10-12T14:00:00Z,Cours-32690-16-M1-IA-IL-CLA-Index-Education,"Matiere : UCE 1 DESIGN PATTERN AVANCE\nEnseignant : NABITZ Sophie\nTD : M1-IA-IL-CLA, M1-IA-SI-CLA\nSalle : Stat 2 = Info - C 136\nType : TP\n",Stat 2 = Info - C 136
2023-12-08T07:30:00Z,2023-12-08T09:00:00Z,Cours-33401-24-M1-IA-IL-CLA-Index-Education,"Matiere : UCE 3 OPTIMISATION NON-LINEAI\nEnseignant : GUEYE Serigne\nTD : M1-IA-IL-ALT, M1-IA-IL-CLA\nSalle : S5 = C 024\nType : CM\n",S5 = C 024
2023-11-17T09:00:00Z,2023-11-17T12:00:00Z,Cours-33406-21-M1-IA-IL-CLA-Index-Education,"Matiere : UCE 3 OPTIMISATION NON-LINEAI\nEnseignant : GUEYE Serigne\nTD : M1-IA-IL-ALT, M1-IA-IL-CLA\nSalle : Amphi Ada\nType : CM\n",Amphi Ada
2023-12-07T07:30:00Z,2023-12-07T09:00:00Z,Cours-33407-24-M1-IA-IL-CLA-Index-Education,"Matiere : UCE 3 OPTIMISATION NON-LINEAI\nEnseignant : GUEYE Serigne\nTD : M1-IA-IL-ALT, M1-IA-IL-CLA\nSalle : Amphi Ada\nType : CM\n",Amphi Ada
2023-12-22T07:30:00Z,2023-12-22T10:30:00Z,Cours-33408-26-M1-IA-IL-CLA-Index-Education,"Matiere : UCE 3 OPTIMISATION NON-LINEAI\nEnseignant : GUEYE Serigne\nTD : M1-IA-IL-ALT, M1-IA-IL-CLA\nSalle : Stat9 = Info - C 026\nType : CM\n",Stat9 = Info - C 026
2023-11-10T12:00:00Z,2023-11-10T15:00:00Z,Cours-33411-20-M1-IA-IL-CLA-Index-Education,"Matiere : UCE 3 OPTIMISATION NON-LINEAI\nEnseignant : GUEYE Serigne\nTD : M1-IA-IL-ALT, M1-IA-IL-CLA\nSalle : Amphi Ada\nType : CM\n",Amphi Ada
2023-12-21T13:30:00Z,2023-12-21T15:00:00Z,Cours-33440-26-M1-IA-IL-CLA-Index-Education,"Matiere : UCE 2 INSERTION PROFESSIONNEL\nEnseignant : BROCHARD Marc\nTD : M1-IA-IL-CLA, M1-ILSEN-cla-Gr1, M1-ILSEN-cla-Gr2\nSalle : S6 = C 022\nType : Evaluation\nMemo : NE PAS DEPLACER\n",S6 = C 022
2023-12-22T15:00:00Z,2023-12-22T18:00:00Z,Cours-33494-26-M1-IA-IL-CLA-Index-Education,"Matiere : UCE 2 INSERTION PROFESSIONNEL\nEnseignant : BROCHARD Marc\nTD : M1-IA-IL-CLA, M1-ILSEN-cla-Gr1, M1-ILSEN-cla-Gr2\nSalle : Amphi Ada\nType : TD\nMemo : NE PAS DEPLACER\n",Amphi Ada
2023-11-24T09:00:00Z,2023-11-24T12:00:00Z,Cours-33514-22-M1-IA-IL-CLA-Index-Education,"Matiere : UCE 4 APPLICATION DE CONCEPTI\nEnseignant : ROUVIER Mickael\nTD : M1-IA-IL-CLA, M1-ILSEN-cla-Gr1, M1-ILSEN-cla-Gr2\nSalles : CERI, Stat 2 = Info - C 136, Stat 3 = Info - C 135\nType : TP\n","CERI, Stat 2 = Info - C 136, Stat 3 = Info - C 135"
2023-12-01T09:00:00Z,2023-12-01T12:00:00Z,Cours-33514-23-M1-IA-IL-CLA-Index-Education,"Matiere : UCE 4 APPLICATION DE CONCEPTI\nEnseignant : ROUVIER Mickael\nTD : M1-IA-IL-CLA, M1-ILSEN-cla-Gr1, M1-ILSEN-cla-Gr2\nSalles : Stat 1 = Info - C 137, Stat 2 = Info - C 136\nType : TP\n","Stat 1 = Info - C 137, Stat 2 = Info - C 136"
2023-12-08T09:00:00Z,2023-12-08T12:00:00Z,Cours-33514-24-M1-IA-IL-CLA-Index-Education,"Matiere : UCE 4 APPLICATION DE CONCEPTI\nEnseignant : ROUVIER Mickael\nTD : M1-IA-IL-CLA, M1-ILSEN-cla-Gr1, M1-ILSEN-cla-Gr2\nSalles : Stat 1 = Info - C 137, Stat 2 = Info - C 136\nType : TP\n","Stat 1 = Info - C 137, Stat 2 = Info - C 136"
2023-10-17T14:00:00Z,2023-10-17T17:00:00Z,Cours-35391-17-M1-IA-IL-CLA-Index-Education,"Matiere : UCE 2 MANAGEMENT PAR LES PROC\nEnseignant : MARTIN Yannis\nTD : M1-IA-IL-ALT, M1-IA-IL-CLA, M1-ILSEN-alt-GR2, M1-ILSEN-cla-Gr1, M1-SICOM-Alt, M1-SICOM-Cla\nSalle : Amphi Blaise\nType : CM\n",Amphi Blaise
2023-10-20T14:00:00Z,2023-10-20T15:30:00Z,Cours-36415-17-M1-IA-IL-CLA-Index-Education,"Matiere : UCE 4 TRAITEMENT AUTOMATIQUE\nEnseignant : ROUVIER Mickael\nTD : M1-IA-IL-ALT, M1-IA-IL-CLA\nSalle : S3 = C 036\nType : CM\n",S3 = C 036
2023-09-19T12:30:00Z,2023-09-19T14:00:00Z,Cours-37212-13-M1-IA-IL-CLA-Index-Education,"Matiere : UCE 2 PROGRAMMATION PARALLELE\nEnseignant : ROUVIER Mickael\nTD : M1-IA-IL-ALT, M1-IA-IL-CLA, M1-ILSEN-alt-GR2, M1-ILSEN-cla-Gr1\nSalle : Amphi Blaise\nType : CM\n",Amphi Blaise
2023-12-06T15:00:00Z,2023-12-06T16:30:00Z,Cours-37906-24-M1-IA-IL-CLA-Index-Education,"Matiere : UCE 1 ANGLAIS (ORIENTE ENTREP\nEnseignant : REY Carole\nTD : M1-IA-IL-CLA, M1-IA-SI-CLA\nSalle : S3 = C 036\nType : TP\n",S3 = C 036
2023-09-13T12:30:00Z,2023-09-13T14:00:00Z,Cours-38377-12-M1-IA-IL-CLA-Index-Education,"Matiere : UCE 2 PROGRAMMATION PARALLELE\nEnseignant : ROUVIER Mickael\nTD : M1-IA-IL-ALT, M1-IA-IL-CLA, M1-ILSEN-alt-GR1, M1-ILSEN-alt-GR2, M1-ILSEN-cla-Gr1, M1-ILSEN-cla-Gr2\nSalle : Amphi Ada\nType : CM\n",Amphi Ada
2023-10-10T06:30:00Z,2023-10-10T08:00:00Z,Cours-39641-16-M1-IA-IL-CLA-Index-Education,"Matiere : UCE 1 INTRODUCTION A L'INTELL\nEnseignant : LEFEVRE Fabrice\nTD : M1-IA-IL-ALT, M1-IA-IL-CLA, M1-IA-SI-ALT, M1-IA-SI-CLA\nSalle : S6 = C 022\nType : CM\n",S6 = C 022
2023-10-20T06:30:00Z,2023-10-20T08:00:00Z,Cours-39642-17-M1-IA-IL-CLA-Index-Education,"Matiere : UCE 1 INTRODUCTION A L'INTELL\nEnseignant : LEFEVRE Fabrice\nTD : M1-IA-IL-ALT, M1-IA-IL-CLA\nSalle : S6 = C 022\nType : CM\n",S6 = C 022
2024-01-12T12:00:00Z,2024-01-12T15:00:00Z,Cours-40488-29-M1-IA-IL-CLA-Index-Education,"Matiere : UCE 4 APPLICATION DE CONCEPTI\nEnseignant : ROUVIER Mickael\nTD : M1-IA-IL-CLA, M1-ILSEN-cla-Gr1, M1-ILSEN-cla-Gr2\nSalles : Stat 1 = Info - C 137, Stat 2 = Info - C 136\nType : TP\n","Stat 1 = Info - C 137, Stat 2 = Info - C 136"
2023-11-21T09:00:00Z,2023-11-21T12:00:00Z,Cours-40496-22-M1-IA-IL-CLA-Index-Education,"Matiere : UCE 4 APPLICATION DE CONCEPTI\nEnseignant : ROUVIER Mickael\nTD : M1-IA-IL-CLA, M1-ILSEN-cla-Gr1, M1-ILSEN-cla-Gr2\nSalles : Stat 6 = Info - C 129, Stat 7 = Info - C 128\nType : TP\n","Stat 6 = Info - C 129, Stat 7 = Info - C 128"
2023-10-18T06:30:00Z,2023-10-18T08:00:00Z,Cours-42496-17-M1-IA-IL-CLA-Index-Education,"Matiere : UCE 1 ANGLAIS (ORIENTE ENTREP\nEnseignant : REY Carole\nTD : M1-IA-IL-CLA, M1-IA-SI-CLA\nSalle : S3 = C 036\nType : TP\n",S3 = C 036
2023-12-13T07:30:00Z,2023-12-13T09:00:00Z,Cours-42496-25-M1-IA-IL-CLA-Index-Education,"Matiere : UCE 1 ANGLAIS (ORIENTE ENTREP\nEnseignant : REY Carole\nTD : M1-IA-IL-CLA, M1-IA-SI-CLA\nSalle : S3 = C 036\nType : TP\n",S3 = C 036
2024-01-18T10:30:00Z,2024-01-18T12:30:00Z,Cours-73689-30-M1-IA-IL-CLA-Index-Education,"Matiere : Reservation de salles\nEnseignant : MDHAFFAR Salima\nTD : IA-IL-CLA, IA-SI-ALT, IA-SI-CLA, M1 S1, M1-IA-IL-CLA, M1-IA-SI-ALT, M1-IA-SI-CLA, M1-SICOM-Cla, M1IL-CMI-cla, M2 S3, M2IL-Alt, M2IL-Cla, M2IL-Cla-GR1, M2IL-Cla-GR2, M2SI-Cla\nSalle : S6 = C 022\nMemo : Seminaire de recherche LIA - CMI UNIQUEMENT\n",S6 = C 022
2023-12-04T12:00:00Z,2023-12-04T18:00:00Z,Cours-44636-24-M1-IA-IL-CLA-Index-Education,"Matiere : UCE 1 INTRODUCTION A L'INTELL\nEnseignant : LEFEVRE Fabrice\nTD : M1-IA-IL-ALT, M1-IA-IL-CLA\nSalle : S1 = C 042 Nodes\nType : Evaluation\n",S1 = C 042 Nodes
2024-01-10T13:30:00Z,2024-01-10T17:30:00Z,Cours-44776-29-M1-IA-IL-CLA-Index-Education,"Matiere : UCE 1 PROJET\nEnseignants : BENSLIMANE Abderrahim, BONASTRE Jean-Francois, FIGUEIREDO Rosa, FREDOUILLE Corinne, GOZLAN Philippe, HADDAD Majed, HAYEL Yezekael, HUET Stephane, JIMENEZ Tania, JOURLIN Pierre, LEFEVRE Fabrice, MORCHID Mohamed, NOCERA Pascal, PUY CAZCARRA Emmanuel, TORRES MORENO Juan manuel, VERNET Mathilde\nTD : M1-IA-IL-CLA, M1-ILSEN-cla-Gr1, M1-SICOM-Cla\nSalles : AGRB020 ( HDMI ), AGRB021 ( HDMI ), AGRB022 ( HDMI ), AGRB023 ( HDMI )\nType : CM/TD\nMemo : SOUTENANCE\n","AGRB020 ( HDMI ), AGRB021 ( HDMI ), AGRB022 ( HDMI ), AGRB023 ( HDMI )"
2024-03-22T15:00:00Z,2024-03-22T16:30:00Z,Cours-71330-39-M1-IA-IL-CLA-Index-Education,Matiere : UCE 1 VEILLE TECHNOLOGIQUE\nEnseignant : LEFEVRE Fabrice\nTD : M1-IA-IL-CLA\nSalle : Stat 4 = Info - C 131\nType : TP\n,Stat 4 = Info - C 131
2024-06-19T06:30:00Z,2024-06-19T16:00:00Z,Cours-46766-52-M1-IA-IL-CLA-Index-Education,"Matiere : UE PROJET 2\nEnseignants : BENSLIMANE Abderrahim, BONASTRE Jean-Francois, FIGUEIREDO Rosa, FREDOUILLE Corinne, GOZLAN Philippe, HADDAD Majed, HAYEL Yezekael, HUET Stephane, JIMENEZ Tania, JOURLIN Pierre, LEFEVRE Fabrice, MORCHID Mohamed, NOCERA Pascal, PUY CAZCARRA Emmanuel, TORRES MORENO Juan manuel, VERNET Mathilde\nTD : M1-IA-IL-CLA, M1-IA-SI-CLA, M1-ILSEN-cla-Gr1, M1-ILSEN-cla-Gr2, M1-SICOM-Cla, M1IL-CMI-cla\nSalles : S2 = C 040, S3 = C 036, S4 = C 034, S7 = C 032\nType : Oraux\nMemo : Soutenances de projet Master CERI\n","S2 = C 040, S3 = C 036, S4 = C 034, S7 = C 032"
2023-10-25T14:00:00Z,2023-10-25T17:00:00Z,Cours-47056-18-M1-IA-IL-CLA-Index-Education,"Matiere : UCE 1 DESIGN PATTERN AVANCE\nEnseignant : NABITZ Sophie\nTD : M1-IA-IL-CLA, M1-IA-SI-CLA\nSalle : Stat 7 = Info - C 128\nType : TP\n",Stat 7 = Info - C 128
2023-10-04T11:00:00Z,2023-10-04T14:00:00Z,Cours-47700-15-M1-IA-IL-CLA-Index-Education,"Matiere : UCE 4 APPLICATION DE MSI\nEnseignant : MARTIN Yannis\nTD : M1-IA-IL-CLA, M1-IA-SI-CLA\nSalle : Stat 6 = Info - C 129\nType : TP\n",Stat 6 = Info - C 129
2023-10-18T11:00:00Z,2023-10-18T14:00:00Z,Cours-47700-17-M1-IA-IL-CLA-Index-Education,"Matiere : UCE 4 APPLICATION DE MSI\nEnseignant : MARTIN Yannis\nTD : M1-IA-IL-CLA, M1-IA-SI-CLA\nSalle : Stat 7 = Info - C 128\nType : TP\n",Stat 7 = Info - C 128
2024-03-22T08:00:00Z,2024-03-22T12:00:00Z,Cours-53238-39-M1-IA-IL-CLA-Index-Education,"Matiere : UE PROJET 2\nEnseignant : VERNET Mathilde\nTD : M1-IA-IL-CLA, M1-IA-SI-CLA, M1-ILSEN-cla-Gr1, M1-ILSEN-cla-Gr2, M1-SICOM-Cla\nSalle : S5 = C 024\nType : CM/TD\nMemo : 1ere rencontre\n",S5 = C 024
2024-02-05T07:30:00Z,2024-02-05T10:30:00Z,Cours-53277-33-M1-IA-IL-CLA-Index-Education,"Matiere : UCE 1 TECHNIQUES DE TEST\nEnseignant : FERREIRA Emmanuel\nTD : M1-IA-IL-ALT, M1-IA-IL-CLA, M1-ILSEN-alt-GR1, M1-ILSEN-alt-GR2, M1-ILSEN-cla-Gr1, M1-ILSEN-cla-Gr2\nSalle : S4 = C 034\nType : CM\n",S4 = C 034
2024-02-06T12:00:00Z,2024-02-06T15:00:00Z,Cours-53310-33-M1-IA-IL-CLA-Index-Education,Matiere : UCE 1 TECHNIQUES DE TEST\nEnseignant : BONNEFOY Ludovic\nTD : M1-IA-IL-CLA\nSalle : Stat 7 = Info - C 128\nType : TP\n,Stat 7 = Info - C 128
2024-03-05T12:00:00Z,2024-03-05T15:00:00Z,Cours-53310-37-M1-IA-IL-CLA-Index-Education,Matiere : UCE 1 TECHNIQUES DE TEST\nEnseignant : BONNEFOY Ludovic\nTD : M1-IA-IL-CLA\nSalle : Stat 2 = Info - C 136\nType : TP\n,Stat 2 = Info - C 136
2024-04-09T06:30:00Z,2024-04-09T08:00:00Z,Cours-53316-42-M1-IA-IL-CLA-Index-Education,Matiere : UCE 1 TECHNIQUES DE TEST\nEnseignant : BONNEFOY Ludovic\nTD : M1-IA-IL-CLA\nSalle : Stat 4 = Info - C 131\nType : TP\n,Stat 4 = Info - C 131
2024-01-29T15:00:00Z,2024-01-29T18:00:00Z,Cours-53326-32-M1-IA-IL-CLA-Index-Education,"Matiere : UCE 1 TECHNIQUES DE TEST\nEnseignant : SALAS Daniel\nTD : M1-IA-IL-ALT, M1-IA-IL-CLA, M1-ILSEN-alt-GR1, M1-ILSEN-alt-GR2, M1-ILSEN-cla-Gr1, M1-ILSEN-cla-Gr2\nSalle : S4 = C 034\nType : CM\n",S4 = C 034
2024-04-15T08:00:00Z,2024-04-15T09:30:00Z,Cours-53327-43-M1-IA-IL-CLA-Index-Education,"Matiere : UCE 1 TECHNIQUES DE TEST\nEnseignant : SALAS Daniel\nTD : M1-IA-IL-ALT, M1-IA-IL-CLA, M1-ILSEN-alt-GR1, M1-ILSEN-alt-GR2, M1-ILSEN-cla-Gr1, M1-ILSEN-cla-Gr2\nSalle : Amphi Ada\nType : Evaluation\n",Amphi Ada
2024-02-07T09:00:00Z,2024-02-07T10:30:00Z,Cours-53642-33-M1-IA-IL-CLA-Index-Education,Matiere : UCE 2 ANGLAIS (ORIENTE TECHNI\nEnseignant : RONDIN Lilian\nTD : M1-IA-IL-CLA\nSalle : S3 = C 036\nType : TD\n,S3 = C 036
2024-01-29T09:00:00Z,2024-01-29T10:30:00Z,Cours-53643-32-M1-IA-IL-CLA-Index-Education,Matiere : UCE 2 ANGLAIS (ORIENTE TECHNI\nEnseignant : RONDIN Lilian\nTD : M1-IA-IL-CLA\nSalle : S4 = C 034\nType : TD\n,S4 = C 034
2024-02-01T09:00:00Z,2024-02-01T10:30:00Z,Cours-53644-32-M1-IA-IL-CLA-Index-Education,Matiere : UCE 2 ANGLAIS (ORIENTE TECHNI\nEnseignant : RONDIN Lilian\nTD : M1-IA-IL-CLA\nSalle : S5 = C 024\nType : TD\n,S5 = C 024
2024-02-09T15:00:00Z,2024-02-09T16:30:00Z,Cours-53659-33-M1-IA-IL-CLA-Index-Education,Matiere : UCE 2 ANGLAIS (ORIENTE TECHNI\nEnseignant : RONDIN Lilian\nTD : M1-IA-IL-CLA\nSalle : S3 = C 036\nType : TD\n,S3 = C 036
2024-02-15T09:00:00Z,2024-02-15T10:30:00Z,Cours-53672-34-M1-IA-IL-CLA-Index-Education,Matiere : UCE 2 ANGLAIS (ORIENTE TECHNI\nEnseignant : RONDIN Lilian\nTD : M1-IA-IL-CLA\nSalle : S3 = C 036\nType : TD\n,S3 = C 036
2024-03-08T13:30:00Z,2024-03-08T15:00:00Z,Cours-53689-37-M1-IA-IL-CLA-Index-Education,Matiere : UCE 2 ANGLAIS (ORIENTE TECHNI\nEnseignant : RONDIN Lilian\nTD : M1-IA-IL-CLA\nSalle : S4 = C 034\nType : TD\n,S4 = C 034
2024-03-13T13:30:00Z,2024-03-13T15:00:00Z,Cours-53699-38-M1-IA-IL-CLA-Index-Education,Matiere : UCE 2 ANGLAIS (ORIENTE TECHNI\nEnseignant : RONDIN Lilian\nTD : M1-IA-IL-CLA\nSalle : S2 = C 040\nType : TD\n,S2 = C 040
2024-03-21T13:30:00Z,2024-03-21T15:00:00Z,Cours-53707-39-M1-IA-IL-CLA-Index-Education,Matiere : UCE 2 ANGLAIS (ORIENTE TECHNI\nEnseignant : RONDIN Lilian\nTD : M1-IA-IL-CLA\nSalle : S2 = C 040\nType : TD\n,S2 = C 040
2024-03-27T13:30:00Z,2024-03-27T15:00:00Z,Cours-53712-40-M1-IA-IL-CLA-Index-Education,Matiere : UCE 2 ANGLAIS (ORIENTE TECHNI\nEnseignant : RONDIN Lilian\nTD : M1-IA-IL-CLA\nSalle : S3 = C 036\nType : TD\n,S3 = C 036
2024-04-04T08:00:00Z,2024-04-04T09:30:00Z,Cours-53716-41-M1-IA-IL-CLA-Index-Education,Matiere : UCE 2 ANGLAIS (ORIENTE TECHNI\nEnseignant : RONDIN Lilian\nTD : M1-IA-IL-CLA\nSalle : S2 BIS = C 038\nType : TD\n,S2 BIS = C 038
2024-04-09T14:00:00Z,2024-04-09T15:30:00Z,Cours-53721-42-M1-IA-IL-CLA-Index-Education,Matiere : UCE 2 ANGLAIS (ORIENTE TECHNI\nEnseignant : RONDIN Lilian\nTD : M1-IA-IL-CLA\nSalle : S2 BIS = C 038\nType : TD\n,S2 BIS = C 038
2024-04-12T12:30:00Z,2024-04-12T14:00:00Z,Cours-53722-42-M1-IA-IL-CLA-Index-Education,Matiere : UCE 2 ANGLAIS (ORIENTE TECHNI\nEnseignant : RONDIN Lilian\nTD : M1-IA-IL-CLA\nSalle : S2 = C 040\nType : TD\n,S2 = C 040
2024-05-02T11:00:00Z,2024-05-02T12:30:00Z,Cours-53734-45-M1-IA-IL-CLA-Index-Education,Matiere : UCE 2 ANGLAIS (ORIENTE TECHNI\nEnseignant : RONDIN Lilian\nTD : M1-IA-IL-CLA\nSalle : S2 = C 040\nType : TD\n,S2 = C 040
2024-04-17T11:00:00Z,2024-04-17T12:30:00Z,Cours-53735-43-M1-IA-IL-CLA-Index-Education,Matiere : UCE 2 ANGLAIS (ORIENTE TECHNI\nEnseignant : RONDIN Lilian\nTD : M1-IA-IL-CLA\nSalle : S2 = C 040\nType : TD\n,S2 = C 040
2024-04-30T11:00:00Z,2024-04-30T12:30:00Z,Cours-53742-45-M1-IA-IL-CLA-Index-Education,Matiere : UCE 2 ANGLAIS (ORIENTE TECHNI\nEnseignant : RONDIN Lilian\nTD : M1-IA-IL-CLA\nSalle : S2 = C 040\nType : TD\n,S2 = C 040
2024-03-29T15:00:00Z,2024-03-29T16:30:00Z,Cours-53746-40-M1-IA-IL-CLA-Index-Education,Matiere : UCE 2 ANGLAIS (ORIENTE TECHNI\nEnseignant : RONDIN Lilian\nTD : M1-IA-IL-CLA\nSalle : S2 BIS = C 038\nType : TD\n,S2 BIS = C 038
2024-02-21T10:30:00Z,2024-02-21T12:00:00Z,Cours-53784-35-M1-IA-IL-CLA-Index-Education,Matiere : UCE 2 ANGLAIS (ORIENTE TECHNI\nEnseignant : RONDIN Lilian\nTD : M1-IA-IL-CLA\nSalle : S4 = C 034\nType : TD\n,S4 = C 034
2024-03-05T07:30:00Z,2024-03-05T09:00:00Z,Cours-53786-37-M1-IA-IL-CLA-Index-Education,Matiere : UCE 2 ANGLAIS (ORIENTE TECHNI\nEnseignant : RONDIN Lilian\nTD : M1-IA-IL-CLA\nSalle : S4 = C 034\nType : TD\n,S4 = C 034
2024-03-12T12:00:00Z,2024-03-12T13:30:00Z,Cours-53787-38-M1-IA-IL-CLA-Index-Education,Matiere : UCE 2 ANGLAIS (ORIENTE TECHNI\nEnseignant : RONDIN Lilian\nTD : M1-IA-IL-CLA\nSalle : S4 = C 034\nType : TD\n,S4 = C 034
2024-03-19T10:30:00Z,2024-03-19T12:00:00Z,Cours-53788-39-M1-IA-IL-CLA-Index-Education,Matiere : UCE 2 ANGLAIS (ORIENTE TECHNI\nEnseignant : RONDIN Lilian\nTD : M1-IA-IL-CLA\nSalle : S2 = C 040\nType : TD\n,S2 = C 040
2024-03-07T15:00:00Z,2024-03-07T16:30:00Z,Cours-53794-37-M1-IA-IL-CLA-Index-Education,Matiere : UCE 2 ANGLAIS (ORIENTE TECHNI\nEnseignant : RONDIN Lilian\nTD : M1-IA-IL-CLA\nSalle : S7 = C 032\nType : TD\n,S7 = C 032
2024-03-13T09:00:00Z,2024-03-13T10:30:00Z,Cours-53796-38-M1-IA-IL-CLA-Index-Education,Matiere : UCE 2 ANGLAIS (ORIENTE TECHNI\nEnseignant : RONDIN Lilian\nTD : M1-IA-IL-CLA\nSalle : S4 = C 034\nType : TD\n,S4 = C 034
2024-03-20T13:30:00Z,2024-03-20T15:00:00Z,Cours-53798-39-M1-IA-IL-CLA-Index-Education,Matiere : UCE 2 ANGLAIS (ORIENTE TECHNI\nEnseignant : RONDIN Lilian\nTD : M1-IA-IL-CLA\nSalle : S2 = C 040\nType : TD\n,S2 = C 040
2024-02-13T12:00:00Z,2024-02-13T15:00:00Z,Cours-53841-34-M1-IA-IL-CLA-Index-Education,"Matiere : UCE 2 PROTOTYPAGE ET INTERFAC\nEnseignant : CARIAS Patrick\nTD : M1-IA-IL-ALT, M1-IA-IL-CLA, M1-ILSEN-alt-GR1, M1-ILSEN-alt-GR2, M1-ILSEN-cla-Gr1, M1-ILSEN-cla-Gr2\nSalle : S6 = C 022\nType : CM\n",S6 = C 022
2024-01-30T07:30:00Z,2024-01-30T09:00:00Z,Cours-53842-32-M1-IA-IL-CLA-Index-Education,"Matiere : UCE 2 PROTOTYPAGE ET INTERFAC\nEnseignant : CARIAS Patrick\nTD : M1-IA-IL-ALT, M1-IA-IL-CLA, M1-ILSEN-alt-GR1, M1-ILSEN-alt-GR2, M1-ILSEN-cla-Gr1, M1-ILSEN-cla-Gr2\nSalle : S6 = C 022\nType : CM\n",S6 = C 022
2024-02-02T07:30:00Z,2024-02-02T09:00:00Z,Cours-53843-32-M1-IA-IL-CLA-Index-Education,"Matiere : UCE 2 PROTOTYPAGE ET INTERFAC\nEnseignant : CECILLON Noe\nTD : M1-IA-IL-ALT, M1-IA-IL-CLA, M1-ILSEN-alt-GR1, M1-ILSEN-alt-GR2, M1-ILSEN-cla-Gr1, M1-ILSEN-cla-Gr2\nSalle : S5 = C 024\nType : CM\n",S5 = C 024
2024-02-09T07:30:00Z,2024-02-09T09:00:00Z,Cours-53843-33-M1-IA-IL-CLA-Index-Education,"Matiere : UCE 2 PROTOTYPAGE ET INTERFAC\nEnseignant : CECILLON Noe\nTD : M1-IA-IL-ALT, M1-IA-IL-CLA, M1-ILSEN-alt-GR1, M1-ILSEN-alt-GR2, M1-ILSEN-cla-Gr1, M1-ILSEN-cla-Gr2\nSalle : S5 = C 024\nType : CM\n",S5 = C 024
2024-02-16T15:00:00Z,2024-02-16T18:00:00Z,Cours-53867-34-M1-IA-IL-CLA-Index-Education,Matiere : UCE 2 PROTOTYPAGE ET INTERFAC\nEnseignant : CECILLON Noe\nTD : M1-IA-IL-CLA\nSalle : Stat 6 = Info - C 129\nType : TP\n,Stat 6 = Info - C 129
2024-03-07T12:00:00Z,2024-03-07T15:00:00Z,Cours-53868-37-M1-IA-IL-CLA-Index-Education,Matiere : UCE 2 PROTOTYPAGE ET INTERFAC\nEnseignant : CECILLON Noe\nTD : M1-IA-IL-CLA\nSalle : Stat 8 = Info - C 127\nType : TP\n,Stat 8 = Info - C 127
2024-04-04T11:00:00Z,2024-04-04T14:00:00Z,Cours-53868-41-M1-IA-IL-CLA-Index-Education,Matiere : UCE 2 PROTOTYPAGE ET INTERFAC\nEnseignant : CECILLON Noe\nTD : M1-IA-IL-CLA\nSalle : Stat9 = Info - C 026\nType : TP\n,Stat9 = Info - C 026
2024-02-20T13:30:00Z,2024-02-20T16:30:00Z,Cours-53883-35-M1-IA-IL-CLA-Index-Education,Matiere : UCE 2 PROTOTYPAGE ET INTERFAC\nEnseignant : CECILLON Noe\nTD : M1-IA-IL-CLA\nSalle : Stat 1 = Info - C 137\nType : TP\n,Stat 1 = Info - C 137
2024-03-12T13:30:00Z,2024-03-12T16:30:00Z,Cours-53883-38-M1-IA-IL-CLA-Index-Education,Matiere : UCE 2 PROTOTYPAGE ET INTERFAC\nEnseignant : CECILLON Noe\nTD : M1-IA-IL-CLA\nSalle : Stat 5 = Info - C 130\nType : TP\n,Stat 5 = Info - C 130
2024-03-19T13:30:00Z,2024-03-19T16:30:00Z,Cours-53883-39-M1-IA-IL-CLA-Index-Education,Matiere : UCE 2 PROTOTYPAGE ET INTERFAC\nEnseignant : CECILLON Noe\nTD : M1-IA-IL-CLA\nSalle : Stat 4 = Info - C 131\nType : TP\n,Stat 4 = Info - C 131
2024-03-25T12:00:00Z,2024-03-25T13:30:00Z,Cours-53885-40-M1-IA-IL-CLA-Index-Education,Matiere : UCE 2 PROTOTYPAGE ET INTERFAC\nEnseignant : CECILLON Noe\nTD : M1-IA-IL-CLA\nSalle : Stat 1 = Info - C 137\nType : TP\n,Stat 1 = Info - C 137
2024-01-30T09:00:00Z,2024-01-30T12:00:00Z,Cours-53898-32-M1-IA-IL-CLA-Index-Education,"Matiere : UCE 3 PROCESSUS DU DEVELOPPEM\nEnseignant : SALAS Daniel\nTD : M1-IA-IL-ALT, M1-IA-IL-CLA, M1-ILSEN-alt-GR1, M1-ILSEN-alt-GR2, M1-ILSEN-cla-Gr1, M1-ILSEN-cla-Gr2\nSalle : S6 = C 022\nType : CM\n",S6 = C 022
2024-02-02T09:00:00Z,2024-02-02T12:00:00Z,Cours-53899-32-M1-IA-IL-CLA-Index-Education,"Matiere : UCE 3 PROCESSUS DU DEVELOPPEM\nEnseignant : SALAS Daniel\nTD : M1-IA-IL-ALT, M1-IA-IL-CLA, M1-ILSEN-alt-GR1, M1-ILSEN-alt-GR2, M1-ILSEN-cla-Gr1, M1-ILSEN-cla-Gr2\nSalle : S5 = C 024\nType : CM\n",S5 = C 024
2024-02-05T13:30:00Z,2024-02-05T16:30:00Z,Cours-53934-33-M1-IA-IL-CLA-Index-Education,Matiere : UCE 3 PROCESSUS DU DEVELOPPEM\nEnseignant : MDHAFFAR Salima\nTD : M1-IA-IL-CLA\nSalle : Stat 1 = Info - C 137\nType : TP\n,Stat 1 = Info - C 137
2024-03-18T13:30:00Z,2024-03-18T16:30:00Z,Cours-53934-39-M1-IA-IL-CLA-Index-Education,Matiere : UCE 3 PROCESSUS DU DEVELOPPEM\nEnseignant : MDHAFFAR Salima\nTD : M1-IA-IL-CLA\nSalle : Stat 6 = Info - C 129\nType : TP\n,Stat 6 = Info - C 129
2024-03-25T13:30:00Z,2024-03-25T15:00:00Z,Cours-53937-40-M1-IA-IL-CLA-Index-Education,Matiere : UCE 3 PROCESSUS DU DEVELOPPEM\nEnseignant : MDHAFFAR Salima\nTD : M1-IA-IL-CLA\nSalle : Stat 3 = Info - C 135\nType : Evaluation\n,Stat 3 = Info - C 135
2024-02-13T07:30:00Z,2024-02-13T10:30:00Z,Cours-53940-34-M1-IA-IL-CLA-Index-Education,Matiere : UCE 3 PROCESSUS DU DEVELOPPEM\nEnseignant : MDHAFFAR Salima\nTD : M1-IA-IL-CLA\nSalle : Stat 7 = Info - C 128\nType : TP\n,Stat 7 = Info - C 128
2024-02-21T13:30:00Z,2024-02-21T16:30:00Z,Cours-53944-35-M1-IA-IL-CLA-Index-Education,Matiere : UCE 3 PROCESSUS DU DEVELOPPEM\nEnseignant : MDHAFFAR Salima\nTD : M1-IA-IL-CLA\nSalle : Stat 2 = Info - C 136\nType : TP\n,Stat 2 = Info - C 136
2024-03-04T07:30:00Z,2024-03-04T10:30:00Z,Cours-53949-37-M1-IA-IL-CLA-Index-Education,Matiere : UCE 3 PROCESSUS DU DEVELOPPEM\nEnseignant : MDHAFFAR Salima\nTD : M1-IA-IL-CLA\nSalle : Stat 4 = Info - C 131\nType : TP\n,Stat 4 = Info - C 131
2024-03-11T07:30:00Z,2024-03-11T10:30:00Z,Cours-53949-38-M1-IA-IL-CLA-Index-Education,Matiere : UCE 3 PROCESSUS DU DEVELOPPEM\nEnseignant : MDHAFFAR Salima\nTD : M1-IA-IL-CLA\nSalle : Stat 6 = Info - C 129\nType : TP\n,Stat 6 = Info - C 129
2024-03-15T15:00:00Z,2024-03-15T18:00:00Z,Cours-73535-38-M1-IA-IL-CLA-Index-Education,Matiere : UCE 1 TECHNIQUES DE TEST\nEnseignant : BONNEFOY Ludovic\nTD : M1-IA-IL-CLA\nSalle : Stat 4 = Info - C 131\nType : TP\n,Stat 4 = Info - C 131
2024-05-07T12:30:00Z,2024-05-07T15:30:00Z,Cours-54313-46-M1-IA-IL-CLA-Index-Education,Matiere : UCE 1 VEILLE TECHNOLOGIQUE\nEnseignant : LEFEVRE Fabrice\nTD : M1-IA-IL-CLA\nSalle : Stat 1 = Info - C 137\nType : TP\n,Stat 1 = Info - C 137
2024-02-15T15:00:00Z,2024-02-15T18:00:00Z,Cours-75634-34-M1-IA-IL-CLA-Index-Education,Matiere : UCE 1 TECHNIQUES DE TEST\nEnseignant : BONNEFOY Ludovic\nTD : M1-IA-IL-CLA\nSalle : Stat 2 = Info - C 136\nType : TP\n,Stat 2 = Info - C 136
2024-02-08T10:30:00Z,2024-02-08T12:00:00Z,Cours-78662-33-M1-IA-IL-CLA-Index-Education,"Matiere : Reservation de salles\nTD : IA-IL-CLA, IA-SI-ALT, IA-SI-CLA, L1S2 MI-I 5 CMI, L2S2 Info G1 CMI, L3INFO_TD1 + CMI, M1-IA-IL-ALT, M1-IA-IL-CLA, M1-IA-SI-ALT, M1-IA-SI-CLA, M1-ILSEN-alt, M1IL-CMI-alt, M1IL-CMI-cla\nSalle : Amphi Blaise\nMemo : AGORA - CMI UNIQUEMENT\n",Amphi Blaise
2023-12-11T09:00:00Z,2023-12-11T12:00:00Z,Cours-58869-25-M1-IA-IL-CLA-Index-Education,"Matiere : UCE 4 TRAITEMENT AUTOMATIQUE\nEnseignant : ROUVIER Mickael\nTD : M1-IA-IL-ALT, M1-IA-IL-CLA\nSalle : Stat 1 = Info - C 137\nType : TP\n",Stat 1 = Info - C 137
2023-12-17T12:00:00Z,2023-12-17T13:30:00Z,Cours-58872-25-M1-IA-IL-CLA-Index-Education,"Matiere : UCE 4 TRAITEMENT AUTOMATIQUE\nEnseignant : ROUVIER Mickael\nTD : M1-IA-IL-ALT, M1-IA-IL-CLA\nSalle : S1 = C 042 Nodes\nType : CM\n",S1 = C 042 Nodes
2023-12-22T10:30:00Z,2023-12-22T12:00:00Z,Cours-71538-26-M1-IA-IL-CLA-Index-Education,"Matiere : UCE 1 ANGLAIS (ORIENTE ENTREP\nEnseignant : REY Carole\nTD : M1-IA-IL-CLA, M1-IA-SI-CLA\nSalle : S3 = C 036\nType : TP\n",S3 = C 036
2024-01-08T13:30:00Z,2024-01-08T15:00:00Z,Cours-71539-29-M1-IA-IL-CLA-Index-Education,"Matiere : UCE 1 ANGLAIS (ORIENTE ENTREP\nEnseignant : REY Carole\nTD : M1-IA-IL-CLA, M1-IA-SI-CLA\nSalle : S3 = C 036\nType : TP\n",S3 = C 036
2023-11-17T12:00:00Z,2023-11-17T13:30:00Z,Cours-62716-21-M1-IA-IL-CLA-Index-Education,"Matiere : Reservation de salles\nEnseignant : MDHAFFAR Salima\nTD : M1-IA-IL-ALT, M1-IA-IL-CLA, M1-SICOM-Alt, M1-SICOM-Cla, M1IL-CMI-alt, M1IL-CMI-cla\nSalle : S6 = C 022\nMemo : Seminaire recherche LIA - CMI UNIQUEMENT\n",S6 = C 022
2024-01-15T07:30:00Z,2024-01-15T18:00:00Z,Cours-62797-30-M1-IA-IL-CLA-Index-Education,"Matiere : UCE 1 ANGLAIS (ORIENTE ENTREP\nEnseignant : REY Carole\nTD : M1-IA-IL-CLA, M1-ILSEN-cla-Gr1, M1-SICOM-Cla\nSalle : S3 = C 036\nType : Evaluation\n",S3 = C 036
2024-01-16T12:00:00Z,2024-01-16T18:00:00Z,Cours-62801-30-M1-IA-IL-CLA-Index-Education,"Matiere : UCE 1 ANGLAIS (ORIENTE ENTREP\nEnseignant : REY Carole\nTD : M1-IA-IL-CLA, M1-ILSEN-cla-Gr1, M1-SICOM-Cla\nSalle : S3 = C 036\nType : Evaluation\n",S3 = C 036
2024-01-17T07:30:00Z,2024-01-17T18:00:00Z,Cours-62806-30-M1-IA-IL-CLA-Index-Education,"Matiere : UCE 1 ANGLAIS (ORIENTE ENTREP\nEnseignant : REY Carole\nTD : M1-IA-IL-CLA, M1-ILSEN-cla-Gr1, M1-SICOM-Cla\nSalle : S3 = C 036\nType : Evaluation\n",S3 = C 036
2023-12-15T13:30:00Z,2023-12-15T16:30:00Z,Cours-63838-25-M1-IA-IL-CLA-Index-Education,"Matiere : UCE 2 PROGRAMMATION PARALLELE\nEnseignant : ROUVIER Mickael\nTD : M1-IA-IL-ALT, M1-IA-IL-CLA, M1-ILSEN-alt-GR2, M1-ILSEN-cla-Gr1\nSalle : Amphi Ada\nType : Evaluation\n",Amphi Ada
2023-09-25T06:30:00Z,2023-09-25T08:00:00Z,Cours-67776-14-M1-IA-IL-CLA-Index-Education,Matiere : UCE 1 ANGLAIS (ORIENTE ENTREP\nEnseignant : REY Carole\nTD : M1-IA-IL-CLA\nSalle : S3 = C 036\nType : TP\n,S3 = C 036
2023-10-02T06:30:00Z,2023-10-02T08:00:00Z,Cours-67776-15-M1-IA-IL-CLA-Index-Education,Matiere : UCE 1 ANGLAIS (ORIENTE ENTREP\nEnseignant : REY Carole\nTD : M1-IA-IL-CLA\nSalle : S3 = C 036\nType : TP\n,S3 = C 036
2023-10-23T06:30:00Z,2023-10-23T08:00:00Z,Cours-67776-18-M1-IA-IL-CLA-Index-Education,Matiere : UCE 1 ANGLAIS (ORIENTE ENTREP\nEnseignant : REY Carole\nTD : M1-IA-IL-CLA\nSalle : S3 = C 036\nType : TP\n,S3 = C 036
2023-12-19T13:30:00Z,2023-12-19T16:30:00Z,Cours-70542-26-M1-IA-IL-CLA-Index-Education,"Matiere : UCE 4 TRAITEMENT AUTOMATIQUE\nEnseignant : ROUVIER Mickael\nTD : M1-IA-IL-ALT, M1-IA-IL-CLA\nSalle : Stat 1 = Info - C 137\nType : TP\n",Stat 1 = Info - C 137
2024-03-25T10:30:00Z,2024-03-25T11:30:00Z,Cours-82548-40-M1-IA-IL-CLA-Index-Education,"Matiere : Reservation de salles\nEnseignant : HUET Stephane\nPromotion : L2 INFORMATIQUE\nTD : L3INFO_TD1 + CMI, L3INFO_TD2, L3INFO_TD3, L3INFO_TD4, M1-IA-IL-CLA, M1-IA-SI-CLA, M1-ILSEN-cla-Gr1, M1-ILSEN-cla-Gr2, M1-SICOM-Cla, M1IL-CMI-cla\nSalle : Amphi Blaise\nMemo : Presentation de l'alternance\n",Amphi Blaise
2024-01-22T13:00:00Z,2024-01-22T16:00:00Z,Cours-75618-31-M1-IA-IL-CLA-Index-Education,"Matiere : UCE 1 ANGLAIS (ORIENTE ENTREP\nEnseignant : REY Carole\nTD : M1-IA-IL-CLA, M1-ILSEN-cla-Gr1, M1-SICOM-Cla\nSalle : S3 = C 036\nType : Rattrapage\n",S3 = C 036
2024-04-12T06:30:00Z,2024-04-12T08:00:00Z,Cours-79616-42-M1-IA-IL-CLA-Index-Education,"Matiere : UE PROJET 2\nEnseignants : HADDAD Majed, VERNET Mathilde\nTD : M1-IA-IL-CLA, M1-IA-SI-CLA, M1-ILSEN-cla-Gr1, M1-ILSEN-cla-Gr2, M1-SICOM-Cla\nSalle : S5 = C 024\nType : CM/TD\nMemo : 2eme rencontre\n",S5 = C 024
2023-11-07T12:00:00Z,2023-11-07T15:00:00Z,Cours-80070-20-M1-IA-IL-CLA-Index-Education,"Matiere : UCE 2 MANAGEMENT PAR LES PROC\nEnseignant : MARTIN Yannis\nTD : M1-IA-IL-ALT, M1-IA-IL-CLA, M1-ILSEN-alt-GR2, M1-ILSEN-cla-Gr1, M1-SICOM-Alt, M1-SICOM-Cla\nSalle : Amphi Ada\nType : CM\n",Amphi Ada
2023-11-14T12:00:00Z,2023-11-14T15:00:00Z,Cours-80070-21-M1-IA-IL-CLA-Index-Education,"Matiere : UCE 2 MANAGEMENT PAR LES PROC\nEnseignant : MARTIN Yannis\nTD : M1-IA-IL-ALT, M1-IA-IL-CLA, M1-ILSEN-alt-GR2, M1-ILSEN-cla-Gr1, M1-SICOM-Alt, M1-SICOM-Cla\nSalle : Amphi Ada\nType : CM\n",Amphi Ada
2024-03-25T07:30:00Z,2024-03-25T10:30:00Z,Cours-81557-40-M1-IA-IL-CLA-Index-Education,Matiere : UCE 1 TECHNIQUES DE TEST\nEnseignant : BONNEFOY Ludovic\nTD : M1-IA-IL-CLA\nSalle : Stat 4 = Info - C 131\nType : TP\n,Stat 4 = Info - C 131
2024-04-12T09:30:00Z,2024-04-12T10:30:00Z,Cours-82553-42-M1-IA-IL-CLA-Index-Education,"Matiere : Reservation de salles\nEnseignant : HUET Stephane\nPromotion : L2 INFORMATIQUE\nTD : L3INFO_TD1 + CMI, L3INFO_TD2, L3INFO_TD3, L3INFO_TD4, M1-IA-IL-CLA, M1-IA-SI-CLA, M1-ILSEN-cla-Gr1, M1-ILSEN-cla-Gr2, M1-SICOM-Cla, M1IL-CMI-cla\nSalle : Amphi Ada\nMemo : Informations pratiques sur l'alternance\n",Amphi Ada
2023-09-11T08:00:00Z,2023-09-11T09:30:00Z,Cours-2643-12-M1-IA-IL-CLA-Index-Education,"Matiere : Rentree specifique\nEnseignants : BENSLIMANE Abderrahim, LABATUT Vincent, ROUVIER Mickael\nPromotions : M1 INGE DU LOGICIEL DE LA SOCIETE NUM (ILSEN), M1 INTELLIGENCE ARTIFICIELLE (IA), M1 SYSTEMES INFORMATIQUES COMMUNICANTS (SICOM), M2 INGE DU LOGICIEL DE LA SOCIETE NUM (ILSEN), M2 INTELLIGENCE ARTIFICIELLE (IA), M2 SYSTEMES INFORMATIQUES COMMUNICANTS (SICOM)\nSalle : Amphi Ada\nMemo : reunion de rentree du master informatique\n",Amphi Ada
2023-10-10T14:00:00Z,2023-10-10T17:00:00Z,Cours-2652-16-M1-IA-IL-CLA-Index-Education,"Matiere : Reservation de salles\nEnseignants : FIGUEIREDO Rosa, VERNET Mathilde\nPromotions : L1 INFORMATIQUE, L2 INFORMATIQUE, L3 INFORMATIQUE, M1 INGE DU LOGICIEL DE LA SOCIETE NUM (ILSEN), M1 INTELLIGENCE ARTIFICIELLE (IA), M1 SYSTEMES INFORMATIQUES COMMUNICANTS (SICOM), M2 INGE DU LOGICIEL DE LA SOCIETE NUM (ILSEN), M2 INTELLIGENCE ARTIFICIELLE (IA), M2 SYSTEMES INFORMATIQUES COMMUNICANTS (SICOM)\nSalle : Amphi Blaise\nMemo : reunion d'information Ada Lovelace\n",Amphi Blaise
2023-10-20T15:30:00Z,2023-10-20T18:00:00Z,Cours-2653-17-M1-IA-IL-CLA-Index-Education,"Matiere : Reservation de salles\nEnseignants : BENSLIMANE Abderrahim, FIGUEIREDO Rosa, HUET Stephane, JABAIAN Bassam, LABATUT Vincent, MATROUF Driss, ROUVIER Mickael, SPRIET Thierry\nPromotions : M1 INGE DU LOGICIEL DE LA SOCIETE NUM (ILSEN), M1 INTELLIGENCE ARTIFICIELLE (IA), M1 SYSTEMES INFORMATIQUES COMMUNICANTS (SICOM)\nTD : OCCA CV 5\nSalle : Amphi Blaise\nMemo : ceremonie de remise des diplômes\n",Amphi Blaise
2024-01-11T07:00:00Z,2024-01-11T16:30:00Z,Cours-2658-29-M1-IA-IL-CLA-Index-Education,"Matiere : Reservation de salles\nEnseignants : BENSLIMANE Abderrahim, COSTA Jean-pierre, DE PELLEGRINI Francesco, ELAZOUZI Rachid, ESTEVE Yannick, FIGUEIREDO Rosa, FREDOUILLE Corinne, GILLES Philippe, GOZLAN Philippe, GUEYE Serigne, HADDAD Majed, HAYEL Yezekael, HUET Stephane, JABAIAN Bassam, JOURLIN Pierre, LABATUT Vincent, LEFEVRE Fabrice, MATROUF Driss, NOCERA Pascal, ROUVIER Mickael, SPRIET Thierry, TORRES MORENO Juan manuel, VERNET Mathilde, ZHOU Fen\nPromotions : M1 INGE DU LOGICIEL DE LA SOCIETE NUM (ILSEN), M1 INTELLIGENCE ARTIFICIELLE (IA), M1 SYSTEMES INFORMATIQUES COMMUNICANTS (SICOM), M2 INGE DU LOGICIEL DE LA SOCIETE NUM (ILSEN), M2 INTELLIGENCE ARTIFICIELLE (IA), M2 SYSTEMES INFORMATIQUES COMMUNICANTS (SICOM)\nTD : L3INFO_TD5 ALT, L3INFO_TD6 ALT\nSalles : Amphi Ada, Amphi Blaise, S1 = C 042 Nodes, S2 = C 040, S2 BIS = C 038, S3 = C 036, S4 = C 034, S5 = C 024, S6 = C 022, S7 = C 032, S8 = C 030\nMemo : soutenance alternance\n","Amphi Ada, Amphi Blaise, S1 = C 042 Nodes, S2 = C 040, S2 BIS = C 038, S3 = C 036, S4 = C 034, S5 = C 024, S6 = C 022, S7 = C 032, S8 = C 030"
2023-09-11T14:00:00Z,2023-09-11T17:00:00Z,Cours-37266-12-M1-IA-IL-CLA-Index-Education,Matiere : Reservation de salles\nEnseignant : LABATUT Vincent\nPromotion : M1 INTELLIGENCE ARTIFICIELLE (IA)\nSalle : S2 = C 040\nMemo : Entretiens individuels\n,S2 = C 040
2024-05-14T06:00:00Z,2024-05-14T18:00:00Z,Cours-40436-47-M1-IA-IL-CLA-Index-Education,"Matiere : Reservation de salles\nEnseignants : BEILLON Jennifer, HUET Stephane\nPromotions : L2 INFORMATIQUE, L3 INFORMATIQUE, M1 INGE DU LOGICIEL DE LA SOCIETE NUM (ILSEN), M1 INTELLIGENCE ARTIFICIELLE (IA), M1 SYSTEMES INFORMATIQUES COMMUNICANTS (SICOM)\nTD : OCCA CV 5\nSalles : Amphi Ada, Amphi Blaise, S1 = C 042 Nodes, S2 = C 040, S2 BIS = C 038, S3 = C 036, S4 = C 034, S5 = C 024, S6 = C 022, S7 = C 032, S8 = C 030, Stat 1 = Info - C 137, Stat 6 = Info - C 129, Stat 7 = Info - C 128\nMemo : salon alternance 2024\n","Amphi Ada, Amphi Blaise, S1 = C 042 Nodes, S2 = C 040, S2 BIS = C 038, S3 = C 036, S4 = C 034, S5 = C 024, S6 = C 022, S7 = C 032, S8 = C 030, Stat 1 = Info - C 137, Stat 6 = Info - C 129, Stat 7 = Info - C 128"
2024-03-07T16:30:00Z,2024-03-07T18:00:00Z,Cours-76155-37-M1-IA-IL-CLA-Index-Education,Matiere : UCE 2 APPROCHES NEURONALES\nEnseignant : TORRES MORENO Juan manuel\nPromotion : M1 INTELLIGENCE ARTIFICIELLE (IA)\nSalle : S5 = C 024\nType : Evaluation\n,S5 = C 024
2024-02-16T12:00:00Z,2024-02-16T13:30:00Z,Cours-46640-34-M1-IA-IL-CLA-Index-Education,"Matiere : Reservation de salles\nEnseignant : FIGUEIREDO Rosa\nPromotions : L1 INFORMATIQUE, L2 INFORMATIQUE, L3 INFORMATIQUE, M1 INGE DU LOGICIEL DE LA SOCIETE NUM (ILSEN), M1 INTELLIGENCE ARTIFICIELLE (IA), M1 SYSTEMES INFORMATIQUES COMMUNICANTS (SICOM), M2 INGE DU LOGICIEL DE LA SOCIETE NUM (ILSEN), M2 INTELLIGENCE ARTIFICIELLE (IA), M2 SYSTEMES INFORMATIQUES COMMUNICANTS (SICOM)\nTD : OCCA CV 5\nSalle : Amphi Blaise\nMemo : semaine femmes en sciences\n",Amphi Blaise
2024-04-18T06:00:00Z,2024-04-18T18:00:00Z,Cours-53590-43-M1-IA-IL-CLA-Index-Education,"Matiere : Reservation de salles\nPromotions : M1 INGE DU LOGICIEL DE LA SOCIETE NUM (ILSEN), M1 INTELLIGENCE ARTIFICIELLE (IA), M1 SYSTEMES INFORMATIQUES COMMUNICANTS (SICOM)\nMemo : Voyage scolaire\n",
2024-04-19T06:00:00Z,2024-04-19T18:00:00Z,Cours-53592-43-M1-IA-IL-CLA-Index-Education,"Matiere : Reservation de salles\nPromotions : M1 INGE DU LOGICIEL DE LA SOCIETE NUM (ILSEN), M1 INTELLIGENCE ARTIFICIELLE (IA), M1 SYSTEMES INFORMATIQUES COMMUNICANTS (SICOM)\nMemo : Voyage scolaire\n",
2024-05-17T15:30:00Z,2024-05-17T17:00:00Z,Cours-53808-47-M1-IA-IL-CLA-Index-Education,"Matiere : UCE 2 ANGLAIS (ORIENTE TECHNI\nEnseignant : RONDIN Lilian\nPromotions : M1 INGE DU LOGICIEL DE LA SOCIETE NUM (ILSEN), M1 INTELLIGENCE ARTIFICIELLE (IA), M1 SYSTEMES INFORMATIQUES COMMUNICANTS (SICOM)\nSalle : Amphi Blaise\nType : Evaluation\n",Amphi Blaise
2024-03-22T13:30:00Z,2024-03-22T15:00:00Z,Cours-53809-39-M1-IA-IL-CLA-Index-Education,"Matiere : UCE 2 ANGLAIS (ORIENTE TECHNI\nEnseignant : RONDIN Lilian\nPromotions : M1 INGE DU LOGICIEL DE LA SOCIETE NUM (ILSEN), M1 INTELLIGENCE ARTIFICIELLE (IA), M1 SYSTEMES INFORMATIQUES COMMUNICANTS (SICOM)\nSalle : Amphi Blaise\nType : Evaluation\n",Amphi Blaise
2024-02-16T13:30:00Z,2024-02-16T15:00:00Z,Cours-71065-34-M1-IA-IL-CLA-Index-Education,Matiere : UCE 1 MODELES STOCHASTIQUES\nEnseignant : HAYEL Yezekael\nPromotion : M1 INTELLIGENCE ARTIFICIELLE (IA)\nSalle : S6 = C 022\nType : CM\n,S6 = C 022
2024-03-04T16:30:00Z,2024-03-04T18:00:00Z,Cours-71069-37-M1-IA-IL-CLA-Index-Education,Matiere : UCE 1 MODELES STOCHASTIQUES\nEnseignant : HAYEL Yezekael\nPromotion : M1 INTELLIGENCE ARTIFICIELLE (IA)\nSalle : S6 = C 022\nType : CM\n,S6 = C 022
2024-01-29T10:30:00Z,2024-01-29T12:00:00Z,Cours-54105-32-M1-IA-IL-CLA-Index-Education,Matiere : UCE 1 MODELES STOCHASTIQUES\nEnseignant : HAYEL Yezekael\nPromotion : M1 INTELLIGENCE ARTIFICIELLE (IA)\nSalle : S2 BIS = C 038\nType : CM\n,S2 BIS = C 038
2024-02-01T13:30:00Z,2024-02-01T15:00:00Z,Cours-54111-32-M1-IA-IL-CLA-Index-Education,Matiere : UCE 1 MODELES STOCHASTIQUES\nEnseignant : HAYEL Yezekael\nPromotion : M1 INTELLIGENCE ARTIFICIELLE (IA)\nSalle : S6 = C 022\nType : CM\n,S6 = C 022
2024-02-12T09:00:00Z,2024-02-12T10:30:00Z,Cours-54113-34-M1-IA-IL-CLA-Index-Education,Matiere : UCE 1 MODELES STOCHASTIQUES\nEnseignant : HAYEL Yezekael\nPromotion : M1 INTELLIGENCE ARTIFICIELLE (IA)\nSalle : S2 BIS = C 038\nType : CM\n,S2 BIS = C 038
2024-03-06T07:30:00Z,2024-03-06T09:00:00Z,Cours-54124-37-M1-IA-IL-CLA-Index-Education,Matiere : UCE 1 MODELES STOCHASTIQUES\nEnseignant : HUET Stephane\nPromotion : M1 INTELLIGENCE ARTIFICIELLE (IA)\nSalle : S2 BIS = C 038\nType : CM\n,S2 BIS = C 038
2024-03-13T07:30:00Z,2024-03-13T09:00:00Z,Cours-54124-38-M1-IA-IL-CLA-Index-Education,Matiere : UCE 1 MODELES STOCHASTIQUES\nEnseignant : HUET Stephane\nPromotion : M1 INTELLIGENCE ARTIFICIELLE (IA)\nSalle : S2 BIS = C 038\nType : CM\n,S2 BIS = C 038
2024-03-14T13:30:00Z,2024-03-14T15:00:00Z,Cours-54135-38-M1-IA-IL-CLA-Index-Education,Matiere : UCE 1 MODELES STOCHASTIQUES\nEnseignant : HUET Stephane\nPromotion : M1 INTELLIGENCE ARTIFICIELLE (IA)\nSalle : Amphi Ada\nType : CM\n,Amphi Ada
2024-03-18T07:30:00Z,2024-03-18T09:00:00Z,Cours-54136-39-M1-IA-IL-CLA-Index-Education,Matiere : UCE 1 MODELES STOCHASTIQUES\nEnseignant : HUET Stephane\nPromotion : M1 INTELLIGENCE ARTIFICIELLE (IA)\nSalle : S2 BIS = C 038\nType : CM\n,S2 BIS = C 038
2024-03-20T07:30:00Z,2024-03-20T09:00:00Z,Cours-54142-39-M1-IA-IL-CLA-Index-Education,Matiere : UCE 1 MODELES STOCHASTIQUES\nEnseignant : HUET Stephane\nPromotion : M1 INTELLIGENCE ARTIFICIELLE (IA)\nSalle : S2 BIS = C 038\nType : CM\n,S2 BIS = C 038
2024-05-13T06:30:00Z,2024-05-13T08:00:00Z,Cours-54144-47-M1-IA-IL-CLA-Index-Education,Matiere : UCE 1 MODELES STOCHASTIQUES\nEnseignant : HUET Stephane\nPromotion : M1 INTELLIGENCE ARTIFICIELLE (IA)\nSalle : S5 = C 024\nType : Evaluation\n,S5 = C 024
2024-04-08T06:30:00Z,2024-04-08T08:00:00Z,Cours-54145-42-M1-IA-IL-CLA-Index-Education,Matiere : UCE 1 MODELES STOCHASTIQUES\nEnseignant : HUET Stephane\nPromotion : M1 INTELLIGENCE ARTIFICIELLE (IA)\nSalle : S2 BIS = C 038\nType : CM\n,S2 BIS = C 038
2024-02-12T12:00:00Z,2024-02-12T15:00:00Z,Cours-54148-34-M1-IA-IL-CLA-Index-Education,Matiere : UCE 1 MODELES STOCHASTIQUES\nEnseignant : HAYEL Yezekael\nPromotion : M1 INTELLIGENCE ARTIFICIELLE (IA)\nSalle : Stat 8 = Info - C 127\nType : TP\n,Stat 8 = Info - C 127
2024-04-08T11:00:00Z,2024-04-08T14:00:00Z,Cours-54148-42-M1-IA-IL-CLA-Index-Education,Matiere : UCE 1 MODELES STOCHASTIQUES\nEnseignant : HUET Stephane\nPromotion : M1 INTELLIGENCE ARTIFICIELLE (IA)\nSalle : Stat 5 = Info - C 130\nType : TP\n,Stat 5 = Info - C 130
2024-04-15T11:00:00Z,2024-04-15T14:00:00Z,Cours-54148-43-M1-IA-IL-CLA-Index-Education,Matiere : UCE 1 MODELES STOCHASTIQUES\nEnseignant : HUET Stephane\nPromotion : M1 INTELLIGENCE ARTIFICIELLE (IA)\nSalle : Stat 5 = Info - C 130\nType : TP\n,Stat 5 = Info - C 130
2024-03-15T07:30:00Z,2024-03-15T10:30:00Z,Cours-54149-38-M1-IA-IL-CLA-Index-Education,Matiere : UCE 1 MODELES STOCHASTIQUES\nEnseignant : HUET Stephane\nPromotion : M1 INTELLIGENCE ARTIFICIELLE (IA)\nSalle : Stat 3 = Info - C 135\nType : TP\n,Stat 3 = Info - C 135
2024-03-21T09:00:00Z,2024-03-21T12:00:00Z,Cours-54150-39-M1-IA-IL-CLA-Index-Education,Matiere : UCE 1 MODELES STOCHASTIQUES\nEnseignant : HUET Stephane\nPromotion : M1 INTELLIGENCE ARTIFICIELLE (IA)\nSalle : Stat 5 = Info - C 130\nType : TP\n,Stat 5 = Info - C 130
2024-02-01T07:30:00Z,2024-02-01T09:00:00Z,Cours-54156-32-M1-IA-IL-CLA-Index-Education,Matiere : UCE 2 APPROCHES NEURONALES\nEnseignant : TORRES MORENO Juan manuel\nPromotion : M1 INTELLIGENCE ARTIFICIELLE (IA)\nSalle : S5 = C 024\nType : CM\n,S5 = C 024
2024-02-07T07:30:00Z,2024-02-07T09:00:00Z,Cours-54158-33-M1-IA-IL-CLA-Index-Education,Matiere : UCE 2 APPROCHES NEURONALES\nEnseignant : TORRES MORENO Juan manuel\nPromotion : M1 INTELLIGENCE ARTIFICIELLE (IA)\nSalle : S6 = C 022\nType : CM\n,S6 = C 022
2024-01-31T09:00:00Z,2024-01-31T10:30:00Z,Cours-54159-32-M1-IA-IL-CLA-Index-Education,Matiere : UCE 2 APPROCHES NEURONALES\nEnseignant : TORRES MORENO Juan manuel\nPromotion : M1 INTELLIGENCE ARTIFICIELLE (IA)\nSalle : S6 = C 022\nType : CM\n,S6 = C 022
2024-02-08T07:30:00Z,2024-02-08T09:00:00Z,Cours-54164-33-M1-IA-IL-CLA-Index-Education,Matiere : UCE 2 APPROCHES NEURONALES\nEnseignant : TORRES MORENO Juan manuel\nPromotion : M1 INTELLIGENCE ARTIFICIELLE (IA)\nSalle : Amphi Ada\nType : CM\n,Amphi Ada
2024-02-15T10:30:00Z,2024-02-15T12:00:00Z,Cours-54165-34-M1-IA-IL-CLA-Index-Education,Matiere : UCE 2 APPROCHES NEURONALES\nEnseignant : TORRES MORENO Juan manuel\nPromotion : M1 INTELLIGENCE ARTIFICIELLE (IA)\nSalle : S5 = C 024\nType : CM\n,S5 = C 024
2024-03-08T07:30:00Z,2024-03-08T09:00:00Z,Cours-54175-37-M1-IA-IL-CLA-Index-Education,Matiere : UCE 2 APPROCHES NEURONALES\nEnseignant : ESTEVE Yannick\nPromotion : M1 INTELLIGENCE ARTIFICIELLE (IA)\nSalle : S5 = C 024\nType : CM\n,S5 = C 024
2024-03-18T09:00:00Z,2024-03-18T10:30:00Z,Cours-54180-39-M1-IA-IL-CLA-Index-Education,Matiere : UCE 2 APPROCHES NEURONALES\nEnseignant : ESTEVE Yannick\nPromotion : M1 INTELLIGENCE ARTIFICIELLE (IA)\nSalle : S5 = C 024\nType : CM\n,S5 = C 024
2024-03-14T10:30:00Z,2024-03-14T12:00:00Z,Cours-54181-38-M1-IA-IL-CLA-Index-Education,Matiere : UCE 2 APPROCHES NEURONALES\nEnseignant : ESTEVE Yannick\nPromotion : M1 INTELLIGENCE ARTIFICIELLE (IA)\nSalle : S5 = C 024\nType : CM\n,S5 = C 024
2024-03-20T09:00:00Z,2024-03-20T10:30:00Z,Cours-54182-39-M1-IA-IL-CLA-Index-Education,Matiere : UCE 2 APPROCHES NEURONALES\nEnseignant : ESTEVE Yannick\nPromotion : M1 INTELLIGENCE ARTIFICIELLE (IA)\nSalle : S5 = C 024\nType : CM\n,S5 = C 024
2024-02-02T15:00:00Z,2024-02-02T18:00:00Z,Cours-54183-32-M1-IA-IL-CLA-Index-Education,Matiere : UCE 2 APPROCHES NEURONALES\nEnseignant : TORRES MORENO Juan manuel\nPromotion : M1 INTELLIGENCE ARTIFICIELLE (IA)\nSalle : Stat 6 = Info - C 129\nType : TP\n,Stat 6 = Info - C 129
2024-02-08T12:00:00Z,2024-02-08T15:00:00Z,Cours-54186-33-M1-IA-IL-CLA-Index-Education,Matiere : UCE 2 APPROCHES NEURONALES\nEnseignant : TORRES MORENO Juan manuel\nPromotion : M1 INTELLIGENCE ARTIFICIELLE (IA)\nSalle : Stat 6 = Info - C 129\nType : TP\n,Stat 6 = Info - C 129
2024-03-15T12:00:00Z,2024-03-15T15:00:00Z,Cours-54196-38-M1-IA-IL-CLA-Index-Education,Matiere : UCE 2 APPROCHES NEURONALES\nEnseignant : ESTEVE Yannick\nPromotion : M1 INTELLIGENCE ARTIFICIELLE (IA)\nSalle : Stat9 = Info - C 026\nType : TP\n,Stat9 = Info - C 026
2024-03-08T15:00:00Z,2024-03-08T18:00:00Z,Cours-54197-37-M1-IA-IL-CLA-Index-Education,Matiere : UCE 2 APPROCHES NEURONALES\nEnseignant : ESTEVE Yannick\nPromotion : M1 INTELLIGENCE ARTIFICIELLE (IA)\nSalle : Stat 6 = Info - C 129\nType : TP\n,Stat 6 = Info - C 129
2024-04-09T11:00:00Z,2024-04-09T14:00:00Z,Cours-54199-42-M1-IA-IL-CLA-Index-Education,Matiere : UCE 2 APPROCHES NEURONALES\nEnseignant : ESTEVE Yannick\nPromotion : M1 INTELLIGENCE ARTIFICIELLE (IA)\nSalle : Stat 5 = Info - C 130\nType : TP\n,Stat 5 = Info - C 130
2024-04-16T06:30:00Z,2024-04-16T09:30:00Z,Cours-54201-43-M1-IA-IL-CLA-Index-Education,Matiere : UCE 2 APPROCHES NEURONALES\nEnseignant : ESTEVE Yannick\nPromotion : M1 INTELLIGENCE ARTIFICIELLE (IA)\nSalle : Stat 5 = Info - C 130\nType : TP\n,Stat 5 = Info - C 130
2024-04-10T11:00:00Z,2024-04-10T14:00:00Z,Cours-54202-42-M1-IA-IL-CLA-Index-Education,Matiere : UCE 2 APPROCHES NEURONALES\nEnseignant : ESTEVE Yannick\nPromotion : M1 INTELLIGENCE ARTIFICIELLE (IA)\nSalle : Stat 5 = Info - C 130\nType : TP\n,Stat 5 = Info - C 130
2024-02-07T13:30:00Z,2024-02-07T16:30:00Z,Cours-54212-33-M1-IA-IL-CLA-Index-Education,Matiere : UCE 2 APPROCHES NEURONALES\nEnseignant : TORRES MORENO Juan manuel\nPromotion : M1 INTELLIGENCE ARTIFICIELLE (IA)\nSalle : Stat 6 = Info - C 129\nType : TP\n,Stat 6 = Info - C 129
2024-03-07T07:30:00Z,2024-03-07T10:30:00Z,Cours-54217-37-M1-IA-IL-CLA-Index-Education,Matiere : UCE 2 APPROCHES NEURONALES\nEnseignant : TORRES MORENO Juan manuel\nPromotion : M1 INTELLIGENCE ARTIFICIELLE (IA)\nSalle : Stat 1 = Info - C 137\nType : TP\n,Stat 1 = Info - C 137
2024-04-16T12:30:00Z,2024-04-16T15:30:00Z,Cours-54226-43-M1-IA-IL-CLA-Index-Education,Matiere : UCE 3 APPLICATION IA\nEnseignant : ESTEVE Yannick\nPromotion : M1 INTELLIGENCE ARTIFICIELLE (IA)\nSalle : Stat 5 = Info - C 130\nType : TP\n,Stat 5 = Info - C 130
2024-04-11T06:30:00Z,2024-04-11T09:30:00Z,Cours-54227-42-M1-IA-IL-CLA-Index-Education,Matiere : UCE 3 APPLICATION IA\nEnseignant : ESTEVE Yannick\nPromotion : M1 INTELLIGENCE ARTIFICIELLE (IA)\nSalle : Stat 5 = Info - C 130\nType : TP\n,Stat 5 = Info - C 130
2024-04-10T14:00:00Z,2024-04-10T17:00:00Z,Cours-54228-42-M1-IA-IL-CLA-Index-Education,Matiere : UCE 3 APPLICATION IA\nEnseignant : ESTEVE Yannick\nPromotion : M1 INTELLIGENCE ARTIFICIELLE (IA)\nSalle : Stat 5 = Info - C 130\nType : TP\n,Stat 5 = Info - C 130
2024-04-17T12:30:00Z,2024-04-17T15:30:00Z,Cours-54229-43-M1-IA-IL-CLA-Index-Education,Matiere : UCE 3 APPLICATION IA\nEnseignant : ESTEVE Yannick\nPromotion : M1 INTELLIGENCE ARTIFICIELLE (IA)\nSalle : Stat 5 = Info - C 130\nType : TP\n,Stat 5 = Info - C 130
2024-05-13T11:00:00Z,2024-05-13T14:00:00Z,Cours-54231-47-M1-IA-IL-CLA-Index-Education,Matiere : UCE 3 APPLICATION IA\nEnseignant : ESTEVE Yannick\nPromotion : M1 INTELLIGENCE ARTIFICIELLE (IA)\nSalle : Stat 5 = Info - C 130\nType : TP\n,Stat 5 = Info - C 130
2024-05-16T11:00:00Z,2024-05-16T14:00:00Z,Cours-54235-47-M1-IA-IL-CLA-Index-Education,Matiere : UCE 3 APPLICATION IA\nEnseignant : ESTEVE Yannick\nPromotion : M1 INTELLIGENCE ARTIFICIELLE (IA)\nSalle : Stat 5 = Info - C 130\nType : TP\n,Stat 5 = Info - C 130
2024-05-17T12:30:00Z,2024-05-17T15:30:00Z,Cours-54240-47-M1-IA-IL-CLA-Index-Education,Matiere : UCE 3 APPLICATION IA\nEnseignant : ESTEVE Yannick\nPromotion : M1 INTELLIGENCE ARTIFICIELLE (IA)\nSalle : Stat 3 = Info - C 135\nType : TP\n,Stat 3 = Info - C 135
2024-04-12T14:00:00Z,2024-04-12T17:00:00Z,Cours-54241-42-M1-IA-IL-CLA-Index-Education,Matiere : UCE 3 APPLICATION IA\nEnseignant : ESTEVE Yannick\nPromotion : M1 INTELLIGENCE ARTIFICIELLE (IA)\nSalle : Stat 5 = Info - C 130\nType : TP\n,Stat 5 = Info - C 130
2024-02-05T10:30:00Z,2024-02-05T12:00:00Z,Cours-54266-33-M1-IA-IL-CLA-Index-Education,"Matiere : UCE 1 VEILLE TECHNOLOGIQUE\nEnseignant : LEFEVRE Fabrice\nPromotions : M1 INGE DU LOGICIEL DE LA SOCIETE NUM (ILSEN), M1 INTELLIGENCE ARTIFICIELLE (IA), M1 SYSTEMES INFORMATIQUES COMMUNICANTS (SICOM)\nSalle : Amphi Blaise\nType : CM\n",Amphi Blaise
2024-01-30T13:30:00Z,2024-01-30T16:30:00Z,Cours-54267-32-M1-IA-IL-CLA-Index-Education,"Matiere : UCE 1 VEILLE TECHNOLOGIQUE\nEnseignant : LEFEVRE Fabrice\nPromotions : M1 INGE DU LOGICIEL DE LA SOCIETE NUM (ILSEN), M1 INTELLIGENCE ARTIFICIELLE (IA), M1 SYSTEMES INFORMATIQUES COMMUNICANTS (SICOM)\nSalle : Amphi Blaise\nType : CM\n",Amphi Blaise
2024-02-14T12:00:00Z,2024-02-14T15:00:00Z,Cours-54268-34-M1-IA-IL-CLA-Index-Education,"Matiere : UCE 1 VEILLE TECHNOLOGIQUE\nEnseignants : LEFEVRE Fabrice, TORRES MORENO Juan manuel\nPromotions : M1 INGE DU LOGICIEL DE LA SOCIETE NUM (ILSEN), M1 INTELLIGENCE ARTIFICIELLE (IA), M1 SYSTEMES INFORMATIQUES COMMUNICANTS (SICOM)\nSalle : Amphi Blaise\nType : Conference\n",Amphi Blaise
2024-02-14T09:00:00Z,2024-02-14T10:30:00Z,Cours-54275-34-M1-IA-IL-CLA-Index-Education,"Matiere : UCE 1 VEILLE TECHNOLOGIQUE\nEnseignant : LEFEVRE Fabrice\nPromotions : M1 INGE DU LOGICIEL DE LA SOCIETE NUM (ILSEN), M1 INTELLIGENCE ARTIFICIELLE (IA), M1 SYSTEMES INFORMATIQUES COMMUNICANTS (SICOM)\nSalle : Amphi Blaise\nType : CM\n",Amphi Blaise
2024-03-06T13:30:00Z,2024-03-06T16:30:00Z,Cours-54278-37-M1-IA-IL-CLA-Index-Education,"Matiere : UCE 1 VEILLE TECHNOLOGIQUE\nEnseignants : LEFEVRE Fabrice, TORRES MORENO Juan manuel\nPromotions : M1 INGE DU LOGICIEL DE LA SOCIETE NUM (ILSEN), M1 INTELLIGENCE ARTIFICIELLE (IA), M1 SYSTEMES INFORMATIQUES COMMUNICANTS (SICOM)\nSalle : Amphi Blaise\nType : Conference\n",Amphi Blaise
2024-03-14T15:00:00Z,2024-03-14T18:00:00Z,Cours-54285-38-M1-IA-IL-CLA-Index-Education,"Matiere : UCE 1 VEILLE TECHNOLOGIQUE\nEnseignants : HADDAD Majed, LEFEVRE Fabrice\nPromotions : M1 INGE DU LOGICIEL DE LA SOCIETE NUM (ILSEN), M1 INTELLIGENCE ARTIFICIELLE (IA), M1 SYSTEMES INFORMATIQUES COMMUNICANTS (SICOM)\nSalle : Amphi Blaise\nType : Conference\n",Amphi Blaise
2024-03-08T09:00:00Z,2024-03-08T12:00:00Z,Cours-54286-37-M1-IA-IL-CLA-Index-Education,Matiere : UCE 1 MODELES STOCHASTIQUES\nEnseignant : HAYEL Yezekael\nPromotion : M1 INTELLIGENCE ARTIFICIELLE (IA)\nSalle : Stat 5 = Info - C 130\nType : TP\n,Stat 5 = Info - C 130
2024-05-17T09:30:00Z,2024-05-17T11:00:00Z,Cours-54288-47-M1-IA-IL-CLA-Index-Education,"Matiere : UCE 1 VEILLE TECHNOLOGIQUE\nEnseignant : LEFEVRE Fabrice\nPromotions : M1 INGE DU LOGICIEL DE LA SOCIETE NUM (ILSEN), M1 INTELLIGENCE ARTIFICIELLE (IA), M1 SYSTEMES INFORMATIQUES COMMUNICANTS (SICOM)\nSalles : Stat 1 = Info - C 137, Stat 2 = Info - C 136, Stat 7 = Info - C 128\nType : CM/TD\nMemo : VISIO\n","Stat 1 = Info - C 137, Stat 2 = Info - C 136, Stat 7 = Info - C 128"
2024-05-16T14:00:00Z,2024-05-16T15:30:00Z,Cours-54317-47-M1-IA-IL-CLA-Index-Education,"Matiere : UCE 1 VEILLE TECHNOLOGIQUE\nEnseignant : LEFEVRE Fabrice\nPromotions : M1 INGE DU LOGICIEL DE LA SOCIETE NUM (ILSEN), M1 INTELLIGENCE ARTIFICIELLE (IA), M1 SYSTEMES INFORMATIQUES COMMUNICANTS (SICOM)\nSalle : Stat 4 = Info - C 131\nType : Evaluation\nMemo : QCM\n",Stat 4 = Info - C 131
2024-04-17T15:30:00Z,2024-04-17T17:00:00Z,Cours-54324-43-M1-IA-IL-CLA-Index-Education,"Matiere : UCE 1 VEILLE TECHNOLOGIQUE\nEnseignant : LEFEVRE Fabrice\nPromotions : M1 INGE DU LOGICIEL DE LA SOCIETE NUM (ILSEN), M1 INTELLIGENCE ARTIFICIELLE (IA), M1 SYSTEMES INFORMATIQUES COMMUNICANTS (SICOM)\nSalle : Stat 2 = Info - C 136\nType : Conference\nMemo : VISIO\n",Stat 2 = Info - C 136
2024-03-06T10:30:00Z,2024-03-06T12:00:00Z,Cours-60297-37-M1-IA-IL-CLA-Index-Education,Matiere : UCE 2 APPROCHES NEURONALES\nEnseignant : ESTEVE Yannick\nPromotion : M1 INTELLIGENCE ARTIFICIELLE (IA)\nSalle : S5 = C 024\nType : CM\n,S5 = C 024
2024-03-13T12:00:00Z,2024-03-13T13:30:00Z,Cours-60298-38-M1-IA-IL-CLA-Index-Education,Matiere : UCE 2 APPROCHES NEURONALES\nEnseignant : ESTEVE Yannick\nPromotion : M1 INTELLIGENCE ARTIFICIELLE (IA)\nSalle : S5 = C 024\nType : CM\n,S5 = C 024
2024-02-09T09:00:00Z,2024-02-09T12:00:00Z,Cours-62620-33-M1-IA-IL-CLA-Index-Education,Matiere : UCE 2 APPROCHES NEURONALES\nEnseignant : TORRES MORENO Juan manuel\nPromotion : M1 INTELLIGENCE ARTIFICIELLE (IA)\nSalle : Stat 5 = Info - C 130\nType : TP\n,Stat 5 = Info - C 130
2024-04-17T06:30:00Z,2024-04-17T09:30:00Z,Cours-76665-43-M1-IA-IL-CLA-Index-Education,Matiere : UCE 3 APPLICATION IA\nEnseignant : ESTEVE Yannick\nPromotion : M1 INTELLIGENCE ARTIFICIELLE (IA)\nSalle : Stat 5 = Info - C 130\nType : TP\n,Stat 5 = Info - C 130
2024-05-15T14:00:00Z,2024-05-15T17:00:00Z,Cours-76667-47-M1-IA-IL-CLA-Index-Education,Matiere : UCE 3 APPLICATION IA\nEnseignant : ESTEVE Yannick\nPromotion : M1 INTELLIGENCE ARTIFICIELLE (IA)\nSalle : Stat 1 = Info - C 137\nType : TP\n,Stat 1 = Info - C 137
2024-03-04T15:00:00Z,2024-03-04T16:30:00Z,Cours-80694-37-M1-IA-IL-CLA-Index-Education,Matiere : UCE 1 MODELES STOCHASTIQUES\nEnseignant : HUET Stephane\nPromotion : M1 INTELLIGENCE ARTIFICIELLE (IA)\nSalle : S5 = C 024\nType : CM\n,S5 = C 024
11/1/2023,11/2/2023,Ferie-84-M1-IA-IL-CLA-Index-Education,,
12/25/2023,12/26/2023,Ferie-85-M1-IA-IL-CLA-Index-Education,,
4/1/2024,4/2/2024,Ferie-86-M1-IA-IL-CLA-Index-Education,,
5/1/2024,5/2/2024,Ferie-87-M1-IA-IL-CLA-Index-Education,,
5/8/2024,5/11/2024,Ferie-88-M1-IA-IL-CLA-Index-Education,,
5/20/2024,5/21/2024,Ferie-89-M1-IA-IL-CLA-Index-Education,,
